image,labels,Y,fold,labels_predicted
803553d5df59cac2.jpg,scab,"0,0,0,0,0,1",3,healthy
806878cdcb8df99a.jpg,complex frog_eye_leaf_spot scab,"1,1,0,0,0,1",3,complex
808734da3f595b59.jpg,complex frog_eye_leaf_spot,"1,1,0,0,0,0",4,complex frog_eye_leaf_spot scab
808c7cabba2f9572.jpg,rust,"0,0,0,0,1,0",2,complex rust
808f87c54a5cbfa3.jpg,scab,"0,0,0,0,0,1",5,healthy
80933fcc6a673636.jpg,frog_eye_leaf_spot rust,"0,1,0,0,1,0",3,rust
80afa0c630faab7d.jpg,complex,"1,0,0,0,0,0",3,scab
80ca8fea677591d1.jpg,frog_eye_leaf_spot scab,"0,1,0,0,0,1",2,complex
80d32f977a83d0ea.jpg,complex,"1,0,0,0,0,0",4,complex scab
80d76587b00f9d5e.jpg,frog_eye_leaf_spot scab,"0,1,0,0,0,1",2,complex
80df68fa0c30fd95.jpg,complex,"1,0,0,0,0,0",3,frog_eye_leaf_spot scab
80ee3116d267bae3.jpg,complex,"1,0,0,0,0,0",5,complex frog_eye_leaf_spot
80ef3f8fc2c0f1e0.jpg,frog_eye_leaf_spot scab,"0,1,0,0,0,1",1,complex
80fe30e308cf2f9d.jpg,frog_eye_leaf_spot scab,"0,1,0,0,0,1",4,frog_eye_leaf_spot
8116dfcc0ccf6636.jpg,complex frog_eye_leaf_spot,"1,1,0,0,0,0",1,complex
8182cdbe52686ebd.jpg,complex frog_eye_leaf_spot scab,"1,1,0,0,0,1",3,complex frog_eye_leaf_spot
818a4bcfdb78385c.jpg,complex,"1,0,0,0,0,0",3,powdery_mildew
819f1fa0e0a1f774.jpg,frog_eye_leaf_spot scab,"0,1,0,0,0,1",5,complex
81a631b35d2730fb.jpg,complex,"1,0,0,0,0,0",3,scab
81b497c66e6670b5.jpg,frog_eye_leaf_spot rust,"0,1,0,0,1,0",5,rust
81d73f1de24626ac.jpg,rust,"0,0,0,0,1,0",3,complex rust
81e33a4dd23971b6.jpg,scab,"0,0,0,0,0,1",5,_none_
81e5fcf446a9270b.jpg,powdery_mildew,"0,0,0,1,0,0",2,_none_
81ee9fb0217b14d3.jpg,complex rust,"1,0,0,0,1,0",1,rust
81ef1bc2e12da36a.jpg,complex frog_eye_leaf_spot scab,"1,1,0,0,0,1",1,frog_eye_leaf_spot scab
81f497994a696f16.jpg,frog_eye_leaf_spot scab,"0,1,0,0,0,1",1,scab
81fc34b140c5fb73.jpg,complex,"1,0,0,0,0,0",5,complex frog_eye_leaf_spot scab
8292796ae6c666e5.jpg,powdery_mildew,"0,0,0,1,0,0",1,healthy
82fb3ecab8e0b08d.jpg,complex,"1,0,0,0,0,0",1,frog_eye_leaf_spot
8376c2577ea0627a.jpg,scab,"0,0,0,0,0,1",2,frog_eye_leaf_spot scab
838183cd39b95b7a.jpg,scab,"0,0,0,0,0,1",2,_none_
8382e784dfe6c836.jpg,complex,"1,0,0,0,0,0",2,frog_eye_leaf_spot scab
83a39fdac02333cd.jpg,complex,"1,0,0,0,0,0",5,complex frog_eye_leaf_spot
83ac643ac99dc7c9.jpg,frog_eye_leaf_spot scab,"0,1,0,0,0,1",2,complex frog_eye_leaf_spot
841ec6647abf954c.jpg,complex frog_eye_leaf_spot scab,"1,1,0,0,0,1",4,complex frog_eye_leaf_spot
842af660beab7d0c.jpg,frog_eye_leaf_spot scab,"0,1,0,0,0,1",1,complex
845b4ea19d3259bd.jpg,complex,"1,0,0,0,0,0",5,_none_
848a5a93c3f9696d.jpg,frog_eye_leaf_spot scab,"0,1,0,0,0,1",3,frog_eye_leaf_spot
84acd56eeda13c8a.jpg,frog_eye_leaf_spot scab,"0,1,0,0,0,1",3,complex
84ae17f54c8c787a.jpg,frog_eye_leaf_spot,"0,1,0,0,0,0",1,complex
84bc16a55aaaa9f5.jpg,complex,"1,0,0,0,0,0",5,frog_eye_leaf_spot scab
84bc36cccfa42b6a.jpg,complex powdery_mildew,"1,0,0,1,0,0",2,powdery_mildew
84dbe99149b16937.jpg,complex,"1,0,0,0,0,0",4,frog_eye_leaf_spot
850fc6c134777339.jpg,complex powdery_mildew,"1,0,0,1,0,0",3,complex rust
851acda42bb3691f.jpg,frog_eye_leaf_spot scab,"0,1,0,0,0,1",1,frog_eye_leaf_spot
8573a5c2722e67b4.jpg,complex frog_eye_leaf_spot scab,"1,1,0,0,0,1",1,frog_eye_leaf_spot scab
85a16b9d71518f36.jpg,frog_eye_leaf_spot scab,"0,1,0,0,0,1",5,frog_eye_leaf_spot
85ae9513bb62313d.jpg,rust,"0,0,0,0,1,0",3,complex rust
85b5c98f1a9227a7.jpg,complex frog_eye_leaf_spot scab,"1,1,0,0,0,1",5,complex frog_eye_leaf_spot
85bc1ec16d5e444f.jpg,frog_eye_leaf_spot scab,"0,1,0,0,0,1",1,complex
85c772ca7c2bea30.jpg,frog_eye_leaf_spot scab,"0,1,0,0,0,1",4,complex frog_eye_leaf_spot scab
85c8c8ae6dda33ac.jpg,frog_eye_leaf_spot scab,"0,1,0,0,0,1",2,complex frog_eye_leaf_spot scab
85d42cce0e8ddc6d.jpg,complex,"1,0,0,0,0,0",4,complex scab
85e9aa974552ec53.jpg,frog_eye_leaf_spot scab,"0,1,0,0,0,1",3,frog_eye_leaf_spot
85fc945c9e68552b.jpg,frog_eye_leaf_spot,"0,1,0,0,0,0",5,frog_eye_leaf_spot scab
8625cac187c3dfd2.jpg,complex frog_eye_leaf_spot scab,"1,1,0,0,0,1",4,frog_eye_leaf_spot
86977a4aa7a4d25a.jpg,rust,"0,0,0,0,1,0",3,complex scab
86ea27634759d855.jpg,scab,"0,0,0,0,0,1",1,healthy
872f7f9440d70716.jpg,frog_eye_leaf_spot,"0,1,0,0,0,0",5,frog_eye_leaf_spot scab
87803bc0e9c7b43f.jpg,frog_eye_leaf_spot rust,"0,1,0,0,1,0",4,rust
87851bc59ace671a.jpg,frog_eye_leaf_spot rust,"0,1,0,0,1,0",3,rust
878c7831607b7575.jpg,complex,"1,0,0,0,0,0",4,complex frog_eye_leaf_spot scab
87ac7a4276d11697.jpg,frog_eye_leaf_spot scab,"0,1,0,0,0,1",1,complex
87b3d6c28caade82.jpg,complex rust,"1,0,0,0,1,0",4,complex
87c917a54876782f.jpg,complex,"1,0,0,0,0,0",2,_none_
87f41ada746b2b05.jpg,frog_eye_leaf_spot scab,"0,1,0,0,0,1",4,complex
883fc03fd4239baa.jpg,scab,"0,0,0,0,0,1",1,frog_eye_leaf_spot
8893eab31d3aca9a.jpg,frog_eye_leaf_spot rust,"0,1,0,0,1,0",3,complex
88b3f86bc843d58d.jpg,rust,"0,0,0,0,1,0",4,complex
88c7288cf1dfc2d6.jpg,scab,"0,0,0,0,0,1",2,_none_
88ddc1bf69786162.jpg,complex,"1,0,0,0,0,0",1,rust
88f05f09be2f1e23.jpg,complex,"1,0,0,0,0,0",2,complex frog_eye_leaf_spot scab
8935609715f7d28b.jpg,scab,"0,0,0,0,0,1",3,healthy scab
893d2a3ed27614d9.jpg,frog_eye_leaf_spot rust,"0,1,0,0,1,0",5,rust
895b9deb5c056076.jpg,frog_eye_leaf_spot,"0,1,0,0,0,0",2,frog_eye_leaf_spot scab
8989898f8f8e2c7e.jpg,frog_eye_leaf_spot rust,"0,1,0,0,1,0",3,rust
89b16870f68786be.jpg,scab,"0,0,0,0,0,1",5,healthy
89b267e8f8d30b1a.jpg,powdery_mildew,"0,0,0,1,0,0",5,_none_
89ec38ce60c9c7f1.jpg,complex frog_eye_leaf_spot scab,"1,1,0,0,0,1",1,complex
89f9890060bbfe6d.jpg,complex,"1,0,0,0,0,0",5,_none_
8aa555561d3e7526.jpg,scab,"0,0,0,0,0,1",2,_none_
8aa78fd5c6c0cec2.jpg,frog_eye_leaf_spot rust,"0,1,0,0,1,0",1,rust
8ad11d7dec22d923.jpg,complex frog_eye_leaf_spot scab,"1,1,0,0,0,1",4,scab
8aed7afd24153852.jpg,frog_eye_leaf_spot scab,"0,1,0,0,0,1",1,scab
8b0c607c9322dbfb.jpg,complex,"1,0,0,0,0,0",1,complex frog_eye_leaf_spot
8b5949683db29ed2.jpg,frog_eye_leaf_spot scab,"0,1,0,0,0,1",2,complex
8ba39acfc4b06c4e.jpg,powdery_mildew,"0,0,0,1,0,0",2,healthy powdery_mildew
8bbb17a59b16851a.jpg,complex frog_eye_leaf_spot,"1,1,0,0,0,0",1,complex
8bc23d6d65b5ec04.jpg,frog_eye_leaf_spot rust,"0,1,0,0,1,0",4,rust
8be1e1c75823585f.jpg,frog_eye_leaf_spot scab,"0,1,0,0,0,1",1,scab
8c193aec8b674676.jpg,rust,"0,0,0,0,1,0",1,complex frog_eye_leaf_spot rust
8c83d4cbc5c8e5f4.jpg,complex frog_eye_leaf_spot scab,"1,1,0,0,0,1",2,frog_eye_leaf_spot scab
8c8f6df5b4e070c8.jpg,frog_eye_leaf_spot rust,"0,1,0,0,1,0",4,rust
8c94b4d7bb83194b.jpg,frog_eye_leaf_spot scab,"0,1,0,0,0,1",2,frog_eye_leaf_spot
8ca5a13c3653aee3.jpg,complex,"1,0,0,0,0,0",4,complex scab
8ca723999d1f634c.jpg,frog_eye_leaf_spot rust,"0,1,0,0,1,0",5,rust
8cc32cc7f82f81f8.jpg,complex,"1,0,0,0,0,0",4,scab
8cec462ef8f07b28.jpg,complex powdery_mildew,"1,0,0,1,0,0",3,powdery_mildew
8cf1f6de564e1508.jpg,complex,"1,0,0,0,0,0",5,frog_eye_leaf_spot
8d3d38c4f30c4f99.jpg,complex,"1,0,0,0,0,0",1,complex powdery_mildew
8d5032d4cc1e3e5f.jpg,complex,"1,0,0,0,0,0",3,_none_
8d7738de63c21638.jpg,complex,"1,0,0,0,0,0",1,_none_
8d784bc9270bb2ab.jpg,complex frog_eye_leaf_spot scab,"1,1,0,0,0,1",2,complex frog_eye_leaf_spot
8d873cc2143dfb1c.jpg,complex,"1,0,0,0,0,0",4,scab
8d98efc88aa54567.jpg,complex,"1,0,0,0,0,0",4,frog_eye_leaf_spot scab
8df10b20117f7bc3.jpg,scab,"0,0,0,0,0,1",2,healthy
8dfb309d029d43cd.jpg,complex frog_eye_leaf_spot scab,"1,1,0,0,0,1",1,complex
8e65c49ba790d374.jpg,complex frog_eye_leaf_spot scab,"1,1,0,0,0,1",3,complex
8e78fa35c31587c4.jpg,frog_eye_leaf_spot rust,"0,1,0,0,1,0",5,rust
8e83dac669f0347a.jpg,complex,"1,0,0,0,0,0",1,frog_eye_leaf_spot scab
8fa015834a0bcdff.jpg,frog_eye_leaf_spot scab,"0,1,0,0,0,1",3,complex frog_eye_leaf_spot scab
8fea9a84df028e99.jpg,complex rust,"1,0,0,0,1,0",4,complex scab
9049decd9589af52.jpg,frog_eye_leaf_spot rust,"0,1,0,0,1,0",3,complex rust
906bb5025ab54fb9.jpg,complex frog_eye_leaf_spot,"1,1,0,0,0,0",3,complex
909a555a6e916bd5.jpg,complex,"1,0,0,0,0,0",3,frog_eye_leaf_spot scab
90b10bc0dc677eb3.jpg,complex,"1,0,0,0,0,0",5,frog_eye_leaf_spot
90d5cacc59a33b72.jpg,complex frog_eye_leaf_spot,"1,1,0,0,0,0",5,complex
90f4db6502133bdd.jpg,scab,"0,0,0,0,0,1",3,frog_eye_leaf_spot
90fb74d027ab7702.jpg,frog_eye_leaf_spot,"0,1,0,0,0,0",2,complex frog_eye_leaf_spot
916bd321c3b374b1.jpg,frog_eye_leaf_spot rust,"0,1,0,0,1,0",2,rust
9190539a6b0bbd3d.jpg,frog_eye_leaf_spot,"0,1,0,0,0,0",1,frog_eye_leaf_spot scab
9192cdf1898afaaa.jpg,healthy,"0,0,1,0,0,0",5,frog_eye_leaf_spot
91aa99c1c877e0bd.jpg,complex frog_eye_leaf_spot scab,"1,1,0,0,0,1",3,frog_eye_leaf_spot scab
92a58ade0de5278e.jpg,complex,"1,0,0,0,0,0",4,frog_eye_leaf_spot
92ab722d2beb8711.jpg,complex,"1,0,0,0,0,0",4,frog_eye_leaf_spot
92adca6d9536c50b.jpg,frog_eye_leaf_spot rust,"0,1,0,0,1,0",4,rust
92d26b42e665b26d.jpg,scab,"0,0,0,0,0,1",3,frog_eye_leaf_spot scab
92e1db96acc8dc1c.jpg,complex frog_eye_leaf_spot,"1,1,0,0,0,0",1,complex
939760c29c3eb5b8.jpg,complex,"1,0,0,0,0,0",1,frog_eye_leaf_spot
93a1d1d6e69a7451.jpg,healthy,"0,0,1,0,0,0",2,_none_
93af6f802c847ec6.jpg,complex,"1,0,0,0,0,0",4,frog_eye_leaf_spot scab
93b2a2dec65c2b43.jpg,complex rust,"1,0,0,0,1,0",1,complex
93bd7cc46464f511.jpg,complex,"1,0,0,0,0,0",1,rust
93bfd7d0386220f4.jpg,powdery_mildew,"0,0,0,1,0,0",4,frog_eye_leaf_spot
93e671c6923b3a31.jpg,frog_eye_leaf_spot scab,"0,1,0,0,0,1",2,complex
941e35f50399bd92.jpg,frog_eye_leaf_spot scab,"0,1,0,0,0,1",3,complex frog_eye_leaf_spot scab
942abed8f0c4f8e8.jpg,frog_eye_leaf_spot,"0,1,0,0,0,0",4,complex frog_eye_leaf_spot
9453cab9ec70748d.jpg,frog_eye_leaf_spot scab,"0,1,0,0,0,1",3,scab
946acb2709c33cd7.jpg,scab,"0,0,0,0,0,1",1,frog_eye_leaf_spot
948fea9e6ca0c536.jpg,powdery_mildew,"0,0,0,1,0,0",5,complex powdery_mildew
94cdcaa23e732ba4.jpg,complex,"1,0,0,0,0,0",4,scab
94d0737b69af105c.jpg,scab,"0,0,0,0,0,1",3,complex scab
94d46fc180ecabb9.jpg,scab,"0,0,0,0,0,1",4,healthy
94dac92d3eb3b0c1.jpg,frog_eye_leaf_spot scab,"0,1,0,0,0,1",5,complex
94dc686b55ab2d52.jpg,rust,"0,0,0,0,1,0",1,_none_
94e1c00f7d3c31f3.jpg,complex,"1,0,0,0,0,0",3,scab
94efca2b542635d2.jpg,complex,"1,0,0,0,0,0",2,complex frog_eye_leaf_spot scab
94fc1c9a0d8b6d6a.jpg,frog_eye_leaf_spot scab,"0,1,0,0,0,1",5,scab
95076ec69f783a30.jpg,complex,"1,0,0,0,0,0",5,_none_
951f63af3c3052d4.jpg,complex frog_eye_leaf_spot scab,"1,1,0,0,0,1",3,complex
954849f26fb19ae4.jpg,scab,"0,0,0,0,0,1",4,healthy scab
9552b13f9bba5920.jpg,scab,"0,0,0,0,0,1",2,healthy
955b9ac5cc86949b.jpg,complex frog_eye_leaf_spot scab,"1,1,0,0,0,1",3,frog_eye_leaf_spot scab
9588e71ccbba934c.jpg,complex,"1,0,0,0,0,0",5,scab
958a3e3fc16596c2.jpg,complex,"1,0,0,0,0,0",1,frog_eye_leaf_spot scab
958e956912b5a4be.jpg,complex,"1,0,0,0,0,0",3,frog_eye_leaf_spot
9598d27a2caa0e3f.jpg,frog_eye_leaf_spot scab,"0,1,0,0,0,1",2,frog_eye_leaf_spot
959dc2e94b1d1c87.jpg,frog_eye_leaf_spot scab,"0,1,0,0,0,1",5,_none_
95b0af58eb249497.jpg,complex frog_eye_leaf_spot scab,"1,1,0,0,0,1",4,complex
95c06ef5c0dec94a.jpg,complex,"1,0,0,0,0,0",5,complex frog_eye_leaf_spot scab
95c1c8caf7a7710c.jpg,complex powdery_mildew,"1,0,0,1,0,0",3,powdery_mildew
95cd4b9409e9972d.jpg,complex,"1,0,0,0,0,0",2,complex frog_eye_leaf_spot scab
95e2e5fad05508ab.jpg,complex,"1,0,0,0,0,0",2,frog_eye_leaf_spot scab
95e922d99bcba431.jpg,frog_eye_leaf_spot scab,"0,1,0,0,0,1",2,complex
9664b58b859ba8ea.jpg,scab,"0,0,0,0,0,1",2,healthy
9671d504dcec087f.jpg,frog_eye_leaf_spot,"0,1,0,0,0,0",2,scab
968ed9a34e54f03a.jpg,frog_eye_leaf_spot rust,"0,1,0,0,1,0",4,rust
9699cc311d39bc8e.jpg,powdery_mildew,"0,0,0,1,0,0",1,_none_
96cbe6cdcf528442.jpg,complex,"1,0,0,0,0,0",2,frog_eye_leaf_spot scab
96d6c0c11f7b3a13.jpg,complex frog_eye_leaf_spot,"1,1,0,0,0,0",5,frog_eye_leaf_spot
96e0ec34d056d38f.jpg,scab,"0,0,0,0,0,1",2,healthy
96e313a663998f49.jpg,complex,"1,0,0,0,0,0",5,complex frog_eye_leaf_spot scab
97026ab5b2176957.jpg,complex,"1,0,0,0,0,0",2,complex frog_eye_leaf_spot scab
970b3ef068916ace.jpg,frog_eye_leaf_spot,"0,1,0,0,0,0",4,complex frog_eye_leaf_spot
971ea8c13d2cf32a.jpg,frog_eye_leaf_spot,"0,1,0,0,0,0",2,frog_eye_leaf_spot scab
9736e0538d1d3cd4.jpg,frog_eye_leaf_spot scab,"0,1,0,0,0,1",1,complex frog_eye_leaf_spot scab
9783bb9285407f65.jpg,complex frog_eye_leaf_spot,"1,1,0,0,0,0",3,complex frog_eye_leaf_spot scab
97868c9f139b1a0f.jpg,complex powdery_mildew,"1,0,0,1,0,0",1,powdery_mildew
9792cb5b859d448d.jpg,complex frog_eye_leaf_spot,"1,1,0,0,0,0",1,complex
9796ce55ec7608a2.jpg,frog_eye_leaf_spot rust,"0,1,0,0,1,0",4,complex rust
9798aeb1f072a7a0.jpg,complex,"1,0,0,0,0,0",5,frog_eye_leaf_spot scab
979968d5972234a7.jpg,frog_eye_leaf_spot scab,"0,1,0,0,0,1",3,scab
97bc38832d4ebc26.jpg,complex powdery_mildew,"1,0,0,1,0,0",2,complex powdery_mildew rust
97c36b7ccaa15641.jpg,rust,"0,0,0,0,1,0",1,frog_eye_leaf_spot rust
98370b962d1994df.jpg,frog_eye_leaf_spot scab,"0,1,0,0,0,1",3,scab
9854b8d44e9f2e6a.jpg,scab,"0,0,0,0,0,1",3,_none_
98810a3d6d3bbe5a.jpg,scab,"0,0,0,0,0,1",1,frog_eye_leaf_spot
9894ad9bae345365.jpg,complex rust,"1,0,0,0,1,0",4,rust
98a3131f632d637a.jpg,rust,"0,0,0,0,1,0",5,frog_eye_leaf_spot rust
98eb956d06766692.jpg,frog_eye_leaf_spot scab,"0,1,0,0,0,1",3,scab
996fc1c4dd6c3c0a.jpg,complex,"1,0,0,0,0,0",3,frog_eye_leaf_spot scab
999e3ec01a2f7315.jpg,frog_eye_leaf_spot scab,"0,1,0,0,0,1",2,complex frog_eye_leaf_spot scab
99c2989f3189772d.jpg,frog_eye_leaf_spot scab,"0,1,0,0,0,1",1,complex frog_eye_leaf_spot scab
99da488e2f27626b.jpg,complex,"1,0,0,0,0,0",2,frog_eye_leaf_spot scab
99fa7cc040af093f.jpg,frog_eye_leaf_spot,"0,1,0,0,0,0",2,rust
9bb9694b8e09e6a2.jpg,frog_eye_leaf_spot rust,"0,1,0,0,1,0",4,rust
9bba23906bb0b678.jpg,complex,"1,0,0,0,0,0",3,frog_eye_leaf_spot scab
9be57075a795428a.jpg,complex frog_eye_leaf_spot scab,"1,1,0,0,0,1",4,complex
9bf4cc56e08674c6.jpg,complex,"1,0,0,0,0,0",3,frog_eye_leaf_spot
9bfb69859c5e08a1.jpg,scab,"0,0,0,0,0,1",5,healthy
9c32cd7db230ba26.jpg,frog_eye_leaf_spot scab,"0,1,0,0,0,1",3,complex
9c6542de9c15e1e5.jpg,complex frog_eye_leaf_spot,"1,1,0,0,0,0",5,complex
9c6a698541ba6e97.jpg,frog_eye_leaf_spot,"0,1,0,0,0,0",1,scab
9c6cd46dadc86c98.jpg,complex frog_eye_leaf_spot,"1,1,0,0,0,0",2,complex
9ca496ca2f4aa5e5.jpg,frog_eye_leaf_spot scab,"0,1,0,0,0,1",1,frog_eye_leaf_spot
9ca6cbe626f31489.jpg,complex frog_eye_leaf_spot,"1,1,0,0,0,0",4,complex
9cd8737391d5c960.jpg,rust,"0,0,0,0,1,0",2,frog_eye_leaf_spot rust
9d2580ddd91d0fb1.jpg,complex,"1,0,0,0,0,0",1,complex frog_eye_leaf_spot scab
9d318966ec376b50.jpg,frog_eye_leaf_spot rust,"0,1,0,0,1,0",5,rust
9d5460c8e7b35ca6.jpg,rust,"0,0,0,0,1,0",3,_none_
9df99511c8c1e96c.jpg,scab,"0,0,0,0,0,1",1,_none_
9e0324f705fc03db.jpg,complex,"1,0,0,0,0,0",4,scab
9e27229aded47512.jpg,frog_eye_leaf_spot,"0,1,0,0,0,0",3,scab
9e8ccf9a6c39a521.jpg,complex,"1,0,0,0,0,0",5,complex rust
9eb1f0c984e52dc6.jpg,frog_eye_leaf_spot scab,"0,1,0,0,0,1",2,complex frog_eye_leaf_spot scab
9ed8790865e93c1d.jpg,scab,"0,0,0,0,0,1",5,healthy
9f2438e68986dd96.jpg,complex,"1,0,0,0,0,0",4,frog_eye_leaf_spot
9f4abc8708c7ed12.jpg,complex frog_eye_leaf_spot scab,"1,1,0,0,0,1",1,complex
9f8fe0cbca84d252.jpg,frog_eye_leaf_spot,"0,1,0,0,0,0",1,_none_
9f99256166c89dd1.jpg,scab,"0,0,0,0,0,1",4,healthy
9fa089cb938bc175.jpg,complex,"1,0,0,0,0,0",3,frog_eye_leaf_spot
9fa164c3e14ca79c.jpg,complex,"1,0,0,0,0,0",1,scab
9faed2c7d28a4858.jpg,frog_eye_leaf_spot scab,"0,1,0,0,0,1",3,scab
9fb6c6dedac00306.jpg,complex frog_eye_leaf_spot,"1,1,0,0,0,0",5,frog_eye_leaf_spot
a01b5b3f1ce42756.jpg,frog_eye_leaf_spot scab,"0,1,0,0,0,1",3,scab
a0260ff0da9f525d.jpg,frog_eye_leaf_spot,"0,1,0,0,0,0",5,complex
a0281d97c3dadcab.jpg,frog_eye_leaf_spot scab,"0,1,0,0,0,1",4,complex frog_eye_leaf_spot
a02ada655c67a967.jpg,complex,"1,0,0,0,0,0",1,frog_eye_leaf_spot scab
a02dcfdab0b46745.jpg,complex frog_eye_leaf_spot scab,"1,1,0,0,0,1",2,complex
a040c3cfdfdd900f.jpg,complex frog_eye_leaf_spot scab,"1,1,0,0,0,1",2,frog_eye_leaf_spot scab
a06896f6dd91e487.jpg,frog_eye_leaf_spot,"0,1,0,0,0,0",4,complex
a0786f831db76269.jpg,complex frog_eye_leaf_spot scab,"1,1,0,0,0,1",1,frog_eye_leaf_spot
a082cbfccd78366a.jpg,complex,"1,0,0,0,0,0",1,_none_
a0a62786d07b6bb9.jpg,complex frog_eye_leaf_spot,"1,1,0,0,0,0",2,complex
a0b01bcf6c3c9df0.jpg,frog_eye_leaf_spot scab,"0,1,0,0,0,1",1,complex
a0bdd5846289f5da.jpg,complex,"1,0,0,0,0,0",4,frog_eye_leaf_spot scab
a0beb480cb8d4bbd.jpg,frog_eye_leaf_spot scab,"0,1,0,0,0,1",3,complex frog_eye_leaf_spot scab
a0c7942e92ff4b38.jpg,frog_eye_leaf_spot scab,"0,1,0,0,0,1",1,complex frog_eye_leaf_spot
a0c8d26e4e543fbc.jpg,frog_eye_leaf_spot rust,"0,1,0,0,1,0",2,frog_eye_leaf_spot
a0d29ce28d7ed654.jpg,frog_eye_leaf_spot,"0,1,0,0,0,0",2,complex
a0e388e61f9c5cb9.jpg,healthy,"0,0,1,0,0,0",1,frog_eye_leaf_spot healthy
a0fd96c3d8c38b85.jpg,frog_eye_leaf_spot scab,"0,1,0,0,0,1",5,complex
a109e396dfd84ae8.jpg,frog_eye_leaf_spot scab,"0,1,0,0,0,1",3,complex frog_eye_leaf_spot scab
a10a934fdc357ab2.jpg,frog_eye_leaf_spot scab,"0,1,0,0,0,1",4,frog_eye_leaf_spot
a14c9f7661b53668.jpg,frog_eye_leaf_spot scab,"0,1,0,0,0,1",2,complex
a1625a5964af66ad.jpg,rust,"0,0,0,0,1,0",3,complex rust
a162949fda64698f.jpg,complex powdery_mildew,"1,0,0,1,0,0",1,complex
a167986549b46ed9.jpg,frog_eye_leaf_spot rust,"0,1,0,0,1,0",5,frog_eye_leaf_spot
a17cd35c5abea882.jpg,rust,"0,0,0,0,1,0",1,complex rust
a186c6d87a212fcf.jpg,scab,"0,0,0,0,0,1",5,healthy
a19070e2f01f5ebe.jpg,rust,"0,0,0,0,1,0",3,complex rust
a192929bdbc9db90.jpg,complex,"1,0,0,0,0,0",2,scab
a19b129d77d42c65.jpg,frog_eye_leaf_spot scab,"0,1,0,0,0,1",1,frog_eye_leaf_spot
a1ad49dac954d9a9.jpg,complex frog_eye_leaf_spot scab,"1,1,0,0,0,1",2,complex frog_eye_leaf_spot
a1b29a439b8d45db.jpg,frog_eye_leaf_spot,"0,1,0,0,0,0",1,frog_eye_leaf_spot scab
a1c5ca9f4ef90269.jpg,complex,"1,0,0,0,0,0",4,complex rust
a1c9e1804fbc377c.jpg,rust,"0,0,0,0,1,0",4,scab
a1cec1de0bc37c07.jpg,complex,"1,0,0,0,0,0",1,scab
a1e2c5531d3aab3a.jpg,frog_eye_leaf_spot scab,"0,1,0,0,0,1",5,complex frog_eye_leaf_spot scab
a1e5b2e787061f4a.jpg,complex frog_eye_leaf_spot scab,"1,1,0,0,0,1",3,frog_eye_leaf_spot scab
a1f06c6c5a566d4e.jpg,frog_eye_leaf_spot scab,"0,1,0,0,0,1",5,frog_eye_leaf_spot
a24391d7c6ef223a.jpg,frog_eye_leaf_spot,"0,1,0,0,0,0",3,_none_
a2939d5865cde487.jpg,complex frog_eye_leaf_spot,"1,1,0,0,0,0",1,complex frog_eye_leaf_spot scab
a2959e7e97724162.jpg,complex,"1,0,0,0,0,0",4,frog_eye_leaf_spot scab
a2a79382dbcf09cc.jpg,powdery_mildew,"0,0,0,1,0,0",3,healthy
a2ae397a0b3db40d.jpg,complex frog_eye_leaf_spot,"1,1,0,0,0,0",1,complex
a2aeb7a5508e7a8a.jpg,powdery_mildew,"0,0,0,1,0,0",5,healthy
a2be96953443c7e4.jpg,complex,"1,0,0,0,0,0",4,complex rust
a2e43784d2cf17c6.jpg,complex frog_eye_leaf_spot scab,"1,1,0,0,0,1",1,complex
a2e4da632b27a399.jpg,frog_eye_leaf_spot,"0,1,0,0,0,0",5,complex frog_eye_leaf_spot
a2f2b5db3cc42d48.jpg,complex,"1,0,0,0,0,0",3,complex frog_eye_leaf_spot scab
a39abcc338c7b708.jpg,scab,"0,0,0,0,0,1",5,healthy scab
a3be97d1c208cf85.jpg,complex,"1,0,0,0,0,0",5,complex frog_eye_leaf_spot
a411c99f0dd9ed43.jpg,complex,"1,0,0,0,0,0",3,frog_eye_leaf_spot
a4434f25ed2a0bfa.jpg,complex frog_eye_leaf_spot,"1,1,0,0,0,0",3,complex frog_eye_leaf_spot scab
a48ded0e4dc701ed.jpg,frog_eye_leaf_spot scab,"0,1,0,0,0,1",2,frog_eye_leaf_spot
a48edf780f470f42.jpg,complex,"1,0,0,0,0,0",5,frog_eye_leaf_spot scab
a4979ee28acfc30c.jpg,frog_eye_leaf_spot scab,"0,1,0,0,0,1",3,complex frog_eye_leaf_spot scab
a4b17595b24a5a2f.jpg,frog_eye_leaf_spot rust,"0,1,0,0,1,0",3,complex
a4b3d2c945976e31.jpg,complex frog_eye_leaf_spot scab,"1,1,0,0,0,1",2,complex
a4b48b5a5529776a.jpg,complex rust,"1,0,0,0,1,0",2,rust
a4b59ac30bbd2c9a.jpg,complex frog_eye_leaf_spot,"1,1,0,0,0,0",2,frog_eye_leaf_spot scab
a4b696ea9e6149e2.jpg,scab,"0,0,0,0,0,1",2,frog_eye_leaf_spot scab
a4bf865aa1ca465d.jpg,complex frog_eye_leaf_spot,"1,1,0,0,0,0",4,complex
a4c382d9c9b40f6f.jpg,frog_eye_leaf_spot scab,"0,1,0,0,0,1",5,scab
a4d099c85fac4b3b.jpg,complex frog_eye_leaf_spot scab,"1,1,0,0,0,1",3,complex
a4d2ca9e7d9c61a4.jpg,complex,"1,0,0,0,0,0",2,complex frog_eye_leaf_spot scab
a4d3db4f87628525.jpg,complex,"1,0,0,0,0,0",2,complex frog_eye_leaf_spot
a4dabc1b6be1446c.jpg,frog_eye_leaf_spot scab,"0,1,0,0,0,1",1,frog_eye_leaf_spot
a4dcd6e5acc3508b.jpg,frog_eye_leaf_spot rust,"0,1,0,0,1,0",1,frog_eye_leaf_spot scab
a4e2d2074f9e649b.jpg,complex frog_eye_leaf_spot,"1,1,0,0,0,0",4,frog_eye_leaf_spot
a4e5cae30f0fc887.jpg,complex frog_eye_leaf_spot scab,"1,1,0,0,0,1",1,frog_eye_leaf_spot scab
a4f5b416e816c92f.jpg,healthy,"0,0,1,0,0,0",5,scab
a4f5c8f70c8169bc.jpg,frog_eye_leaf_spot scab,"0,1,0,0,0,1",4,complex frog_eye_leaf_spot scab
a4f6b817bb0780e6.jpg,frog_eye_leaf_spot scab,"0,1,0,0,0,1",1,complex frog_eye_leaf_spot scab
a4ff469c871cc2d4.jpg,complex frog_eye_leaf_spot scab,"1,1,0,0,0,1",2,complex scab
a5030e3ec1ced9ec.jpg,complex,"1,0,0,0,0,0",1,frog_eye_leaf_spot
a51a5a79e869d097.jpg,complex frog_eye_leaf_spot scab,"1,1,0,0,0,1",2,complex
a52a97f1da105b39.jpg,complex frog_eye_leaf_spot,"1,1,0,0,0,0",4,frog_eye_leaf_spot scab
a56292dadb618d95.jpg,complex,"1,0,0,0,0,0",1,frog_eye_leaf_spot scab
a57b9b50dd12c239.jpg,complex,"1,0,0,0,0,0",1,complex frog_eye_leaf_spot
a581c59e9ed9cd88.jpg,complex,"1,0,0,0,0,0",1,frog_eye_leaf_spot
a585531ba1793ee4.jpg,frog_eye_leaf_spot scab,"0,1,0,0,0,1",4,frog_eye_leaf_spot
a596846a3f1dc1ce.jpg,frog_eye_leaf_spot scab,"0,1,0,0,0,1",3,complex frog_eye_leaf_spot
a59e9ee1f88470e2.jpg,frog_eye_leaf_spot scab,"0,1,0,0,0,1",1,complex frog_eye_leaf_spot scab
a5a39117d90e593d.jpg,complex,"1,0,0,0,0,0",1,frog_eye_leaf_spot scab
a5b5a61d7cc056d2.jpg,complex frog_eye_leaf_spot scab,"1,1,0,0,0,1",2,frog_eye_leaf_spot scab
a5bff6008a4719dc.jpg,frog_eye_leaf_spot scab,"0,1,0,0,0,1",3,complex
a5cda58d45ce54cc.jpg,complex frog_eye_leaf_spot scab,"1,1,0,0,0,1",1,complex
a5de520f52ac9355.jpg,complex,"1,0,0,0,0,0",4,scab
a5e0d6949c39696b.jpg,rust,"0,0,0,0,1,0",4,complex rust
a5e19ad4d31a49f1.jpg,frog_eye_leaf_spot,"0,1,0,0,0,0",3,_none_
a5e5db6960b4c683.jpg,complex frog_eye_leaf_spot scab,"1,1,0,0,0,1",1,complex frog_eye_leaf_spot
a5e6c5be84285aad.jpg,complex frog_eye_leaf_spot scab,"1,1,0,0,0,1",1,complex scab
a5e996287cf72415.jpg,complex,"1,0,0,0,0,0",2,complex frog_eye_leaf_spot
a5eac60c9cbd851b.jpg,complex frog_eye_leaf_spot,"1,1,0,0,0,0",1,complex
a5eeb294c45f2827.jpg,frog_eye_leaf_spot rust,"0,1,0,0,1,0",2,rust
a5f092d8c06dcfe4.jpg,frog_eye_leaf_spot scab,"0,1,0,0,0,1",4,complex frog_eye_leaf_spot scab
a696b130bd6e8f03.jpg,complex frog_eye_leaf_spot,"1,1,0,0,0,0",2,complex
a6caf2e69c24907b.jpg,complex frog_eye_leaf_spot scab,"1,1,0,0,0,1",1,complex frog_eye_leaf_spot
a6d6666a80cd0ebe.jpg,frog_eye_leaf_spot scab,"0,1,0,0,0,1",3,frog_eye_leaf_spot
a71f2fcc4b14266c.jpg,complex,"1,0,0,0,0,0",1,powdery_mildew
a768118771705f1f.jpg,frog_eye_leaf_spot rust,"0,1,0,0,1,0",3,complex rust
a785c29f0edcdc30.jpg,complex,"1,0,0,0,0,0",4,scab
a7baf206f095e10b.jpg,frog_eye_leaf_spot,"0,1,0,0,0,0",5,frog_eye_leaf_spot scab
a7f3c2858ab5bd10.jpg,complex rust,"1,0,0,0,1,0",4,complex
a846c2c24bc6dbdd.jpg,complex,"1,0,0,0,0,0",5,frog_eye_leaf_spot scab
a85ac87ff1571c90.jpg,frog_eye_leaf_spot scab,"0,1,0,0,0,1",1,frog_eye_leaf_spot
a86d9d1f99b04a96.jpg,complex,"1,0,0,0,0,0",1,complex scab
a8858df4e4fe3618.jpg,frog_eye_leaf_spot scab,"0,1,0,0,0,1",4,complex frog_eye_leaf_spot
a889f5fe80d9d4c2.jpg,frog_eye_leaf_spot scab,"0,1,0,0,0,1",4,complex frog_eye_leaf_spot scab
a88d63c9b8555daa.jpg,frog_eye_leaf_spot rust,"0,1,0,0,1,0",5,rust
a88e14f511dcf7c1.jpg,frog_eye_leaf_spot rust,"0,1,0,0,1,0",5,rust
a89006fad42f697d.jpg,frog_eye_leaf_spot scab,"0,1,0,0,0,1",3,complex frog_eye_leaf_spot
a8af94cacae5a586.jpg,complex frog_eye_leaf_spot scab,"1,1,0,0,0,1",1,complex
a8b076d41bdc31e6.jpg,complex,"1,0,0,0,0,0",3,rust
a8b7854bcf25d02e.jpg,complex,"1,0,0,0,0,0",3,complex frog_eye_leaf_spot
a8c397ed0aa55da4.jpg,complex,"1,0,0,0,0,0",3,rust
a8c3d085c89e9ff8.jpg,complex,"1,0,0,0,0,0",3,complex frog_eye_leaf_spot
a8cd492386bb4af3.jpg,frog_eye_leaf_spot scab,"0,1,0,0,0,1",4,complex
a8d36283f5639b26.jpg,frog_eye_leaf_spot scab,"0,1,0,0,0,1",1,frog_eye_leaf_spot
a8dbcb8c3125269f.jpg,complex frog_eye_leaf_spot scab,"1,1,0,0,0,1",4,complex
a8e7811c6d68b7c3.jpg,frog_eye_leaf_spot rust,"0,1,0,0,1,0",3,rust
a956c2bc9c9a32f1.jpg,frog_eye_leaf_spot scab,"0,1,0,0,0,1",2,frog_eye_leaf_spot
a97e8194db985a99.jpg,complex frog_eye_leaf_spot,"1,1,0,0,0,0",2,frog_eye_leaf_spot scab
a98b9096da3bd915.jpg,frog_eye_leaf_spot scab,"0,1,0,0,0,1",3,complex frog_eye_leaf_spot scab
a9945658da999b1b.jpg,frog_eye_leaf_spot scab,"0,1,0,0,0,1",2,complex frog_eye_leaf_spot scab
a99fc3a8cb640f32.jpg,frog_eye_leaf_spot scab,"0,1,0,0,0,1",5,frog_eye_leaf_spot
a9b711a0536eeb29.jpg,complex,"1,0,0,0,0,0",1,complex frog_eye_leaf_spot scab
a9c9cb413a2c3aee.jpg,complex frog_eye_leaf_spot,"1,1,0,0,0,0",2,complex
a9d101a96f6e261f.jpg,complex,"1,0,0,0,0,0",3,_none_
a9d992642cd69cd3.jpg,complex frog_eye_leaf_spot,"1,1,0,0,0,0",4,complex
a9e0c5d79494de98.jpg,complex,"1,0,0,0,0,0",2,complex frog_eye_leaf_spot
a9f6a5c29d959095.jpg,frog_eye_leaf_spot scab,"0,1,0,0,0,1",2,scab
aa0cf25ed3c89b43.jpg,complex frog_eye_leaf_spot scab,"1,1,0,0,0,1",1,frog_eye_leaf_spot scab
aa56d8cbff4a8184.jpg,frog_eye_leaf_spot scab,"0,1,0,0,0,1",4,complex
aa59944bddad428d.jpg,frog_eye_leaf_spot,"0,1,0,0,0,0",4,frog_eye_leaf_spot scab
aa5a2585d0f6cb96.jpg,scab,"0,0,0,0,0,1",5,healthy
aa6a97960f9037e4.jpg,complex frog_eye_leaf_spot,"1,1,0,0,0,0",5,frog_eye_leaf_spot scab
aa6f82e81f403d1f.jpg,complex,"1,0,0,0,0,0",2,frog_eye_leaf_spot
aa70703df786b047.jpg,complex frog_eye_leaf_spot,"1,1,0,0,0,0",1,frog_eye_leaf_spot scab
aa8397518f3d44bc.jpg,complex frog_eye_leaf_spot scab,"1,1,0,0,0,1",2,complex frog_eye_leaf_spot
aa9cc64b58e538b6.jpg,complex frog_eye_leaf_spot,"1,1,0,0,0,0",4,complex
aaadd58549620777.jpg,scab,"0,0,0,0,0,1",3,healthy
aab096b7030ae3f9.jpg,complex,"1,0,0,0,0,0",2,complex rust
aab5941defb14f00.jpg,frog_eye_leaf_spot scab,"0,1,0,0,0,1",3,complex frog_eye_leaf_spot scab
aad0bffb1114803f.jpg,complex frog_eye_leaf_spot,"1,1,0,0,0,0",1,complex
aada42daa86eba26.jpg,complex,"1,0,0,0,0,0",1,complex scab
aae681d53d38258f.jpg,complex,"1,0,0,0,0,0",4,complex rust
aaeac6c1cdab0a9a.jpg,complex,"1,0,0,0,0,0",4,complex frog_eye_leaf_spot
aaebb2c1c12a0fc7.jpg,complex,"1,0,0,0,0,0",2,rust
aaecf21252830bfb.jpg,complex,"1,0,0,0,0,0",2,frog_eye_leaf_spot scab
ab93ce1845a5f60e.jpg,complex frog_eye_leaf_spot,"1,1,0,0,0,0",5,frog_eye_leaf_spot
ab95f493d238d119.jpg,complex,"1,0,0,0,0,0",3,complex scab
aba42097fea0175b.jpg,frog_eye_leaf_spot,"0,1,0,0,0,0",5,complex
abb4cbe04807deac.jpg,frog_eye_leaf_spot rust,"0,1,0,0,1,0",5,complex
abda85519ea31a2d.jpg,complex,"1,0,0,0,0,0",3,_none_
abe89fc080e0f86f.jpg,frog_eye_leaf_spot scab,"0,1,0,0,0,1",5,complex frog_eye_leaf_spot
abfdb70914c81ad1.jpg,frog_eye_leaf_spot scab,"0,1,0,0,0,1",4,frog_eye_leaf_spot
ac548d6b9530b6ec.jpg,complex rust,"1,0,0,0,1,0",3,rust
ac6ccdc19eb0b09b.jpg,complex,"1,0,0,0,0,0",5,complex frog_eye_leaf_spot
ac9c96484f5e585e.jpg,complex powdery_mildew,"1,0,0,1,0,0",2,complex frog_eye_leaf_spot
acc2d49e1830fce7.jpg,complex frog_eye_leaf_spot,"1,1,0,0,0,0",3,complex frog_eye_leaf_spot scab
acfb96d8c84d28e4.jpg,frog_eye_leaf_spot scab,"0,1,0,0,0,1",1,complex scab
ad0eda613e86399a.jpg,complex,"1,0,0,0,0,0",5,rust
ad0f8a4ede349c34.jpg,complex,"1,0,0,0,0,0",2,complex rust
ad189e2ecbd8c989.jpg,complex rust,"1,0,0,0,1,0",1,complex
ad42c4899ef1f0d3.jpg,complex,"1,0,0,0,0,0",4,rust
ad5252524be6aca7.jpg,complex,"1,0,0,0,0,0",4,complex frog_eye_leaf_spot scab
ad52c5ea630d3fc0.jpg,frog_eye_leaf_spot scab,"0,1,0,0,0,1",3,complex
ad5ac0c1c5e96735.jpg,complex,"1,0,0,0,0,0",1,complex frog_eye_leaf_spot
ad8386e398adb564.jpg,rust,"0,0,0,0,1,0",2,complex frog_eye_leaf_spot
ad889a666e3439cb.jpg,frog_eye_leaf_spot scab,"0,1,0,0,0,1",1,complex frog_eye_leaf_spot scab
ad8c9bb81ee0d4b4.jpg,frog_eye_leaf_spot scab,"0,1,0,0,0,1",5,complex
ad90949302ef3b3d.jpg,frog_eye_leaf_spot rust,"0,1,0,0,1,0",5,complex frog_eye_leaf_spot
ad9402e91c87f8de.jpg,frog_eye_leaf_spot scab,"0,1,0,0,0,1",1,complex frog_eye_leaf_spot scab
ad99cf603bac421e.jpg,complex,"1,0,0,0,0,0",4,rust
ad9d954bc0655276.jpg,complex,"1,0,0,0,0,0",3,complex frog_eye_leaf_spot scab
ad9f929d8b08cda2.jpg,complex,"1,0,0,0,0,0",4,complex frog_eye_leaf_spot scab
ada289cbce9a6649.jpg,complex,"1,0,0,0,0,0",2,_none_
ada7c4b3c469887a.jpg,complex frog_eye_leaf_spot scab,"1,1,0,0,0,1",2,frog_eye_leaf_spot scab
adad954ada673034.jpg,frog_eye_leaf_spot scab,"0,1,0,0,0,1",3,complex frog_eye_leaf_spot scab
adb6d4d2d6b19888.jpg,frog_eye_leaf_spot,"0,1,0,0,0,0",5,frog_eye_leaf_spot scab
adbecb0b4e597041.jpg,frog_eye_leaf_spot scab,"0,1,0,0,0,1",5,complex
adc256a5dca1a4b5.jpg,frog_eye_leaf_spot,"0,1,0,0,0,0",2,complex
adc65a2605afe3d0.jpg,complex frog_eye_leaf_spot scab,"1,1,0,0,0,1",1,frog_eye_leaf_spot scab
adc7d5c3cb456029.jpg,frog_eye_leaf_spot scab,"0,1,0,0,0,1",4,complex
adcd958318b8695b.jpg,complex frog_eye_leaf_spot scab,"1,1,0,0,0,1",1,complex
adcf83367ed80498.jpg,complex frog_eye_leaf_spot,"1,1,0,0,0,0",3,frog_eye_leaf_spot
add6d0e8ea8b688a.jpg,complex,"1,0,0,0,0,0",5,complex frog_eye_leaf_spot
addd1fc0120e6a97.jpg,frog_eye_leaf_spot scab,"0,1,0,0,0,1",4,complex frog_eye_leaf_spot scab
ade5c9e5c14bd206.jpg,frog_eye_leaf_spot rust,"0,1,0,0,1,0",3,complex rust
ade5ca1a34993167.jpg,frog_eye_leaf_spot scab,"0,1,0,0,0,1",1,complex frog_eye_leaf_spot scab
ade96fc258031a6d.jpg,frog_eye_leaf_spot scab,"0,1,0,0,0,1",4,complex frog_eye_leaf_spot scab
adfa94a1c242cbb3.jpg,frog_eye_leaf_spot scab,"0,1,0,0,0,1",3,complex frog_eye_leaf_spot scab
ae4c5a950daf4b54.jpg,frog_eye_leaf_spot rust,"0,1,0,0,1,0",2,rust
ae5535c9ca3c2af0.jpg,frog_eye_leaf_spot rust,"0,1,0,0,1,0",3,frog_eye_leaf_spot
ae56545b6981ae5a.jpg,scab,"0,0,0,0,0,1",2,frog_eye_leaf_spot scab
ae75c4e9c3629625.jpg,frog_eye_leaf_spot rust,"0,1,0,0,1,0",1,complex rust
ae8f122069711fb7.jpg,complex,"1,0,0,0,0,0",1,complex frog_eye_leaf_spot
ae92c4a0cef1c2f3.jpg,frog_eye_leaf_spot,"0,1,0,0,0,0",1,complex frog_eye_leaf_spot
ae949c54c55b3d23.jpg,complex,"1,0,0,0,0,0",5,complex rust
ae95c30fcd622c71.jpg,scab,"0,0,0,0,0,1",2,complex
aec7d49a1a4a6b25.jpg,complex,"1,0,0,0,0,0",1,frog_eye_leaf_spot scab
aecca8689b6287d6.jpg,healthy,"0,0,1,0,0,0",1,healthy scab
aedab4bf46b60032.jpg,scab,"0,0,0,0,0,1",5,healthy
aee3204d3d393e34.jpg,scab,"0,0,0,0,0,1",5,healthy
af2789823f9a630d.jpg,scab,"0,0,0,0,0,1",1,frog_eye_leaf_spot scab
af3992496a7eb112.jpg,frog_eye_leaf_spot,"0,1,0,0,0,0",4,complex frog_eye_leaf_spot
af61bd92c583c1c9.jpg,frog_eye_leaf_spot scab,"0,1,0,0,0,1",1,frog_eye_leaf_spot
af6292db1b611d98.jpg,complex,"1,0,0,0,0,0",4,complex frog_eye_leaf_spot
af688e42daf78306.jpg,frog_eye_leaf_spot scab,"0,1,0,0,0,1",3,complex frog_eye_leaf_spot scab
af951cde41f43816.jpg,scab,"0,0,0,0,0,1",2,healthy
af95a0407b6cd8cd.jpg,rust,"0,0,0,0,1,0",5,_none_
af9fc64870757310.jpg,frog_eye_leaf_spot scab,"0,1,0,0,0,1",2,complex frog_eye_leaf_spot scab
afa23b9c5aa958a8.jpg,complex frog_eye_leaf_spot,"1,1,0,0,0,0",5,complex
afbaa52a94e51a86.jpg,frog_eye_leaf_spot rust,"0,1,0,0,1,0",5,complex frog_eye_leaf_spot rust
afbdd08d53842995.jpg,frog_eye_leaf_spot rust,"0,1,0,0,1,0",4,frog_eye_leaf_spot
afc080cf5b3d79a0.jpg,complex frog_eye_leaf_spot scab,"1,1,0,0,0,1",2,complex frog_eye_leaf_spot
afd684083567cb36.jpg,powdery_mildew,"0,0,0,1,0,0",5,complex powdery_mildew
afe393958b913063.jpg,scab,"0,0,0,0,0,1",2,frog_eye_leaf_spot scab
afe985385630ae6a.jpg,frog_eye_leaf_spot scab,"0,1,0,0,0,1",3,complex
aff096b4c122d2d5.jpg,frog_eye_leaf_spot scab,"0,1,0,0,0,1",3,complex
b018ce6571fc6399.jpg,complex frog_eye_leaf_spot,"1,1,0,0,0,0",1,complex
b01fc36dcf2148f2.jpg,complex frog_eye_leaf_spot scab,"1,1,0,0,0,1",1,complex
b02d61293d7f28e9.jpg,frog_eye_leaf_spot scab,"0,1,0,0,0,1",3,scab
b06ed2a49bb694b1.jpg,complex,"1,0,0,0,0,0",5,scab
b09f1ffd48488786.jpg,complex frog_eye_leaf_spot,"1,1,0,0,0,0",4,complex
b0a183de19bb96c3.jpg,frog_eye_leaf_spot rust,"0,1,0,0,1,0",3,complex rust
b0abc3fd98361c23.jpg,frog_eye_leaf_spot scab,"0,1,0,0,0,1",5,complex scab
b0c58a70c5b1379f.jpg,frog_eye_leaf_spot,"0,1,0,0,0,0",3,frog_eye_leaf_spot scab
b0c9bbcd98f06532.jpg,frog_eye_leaf_spot scab,"0,1,0,0,0,1",3,frog_eye_leaf_spot
b0cef3c5db4088f8.jpg,complex frog_eye_leaf_spot scab,"1,1,0,0,0,1",2,frog_eye_leaf_spot scab
b0d5c71f51c17a8a.jpg,rust,"0,0,0,0,1,0",5,_none_
b0dae5b54d186d70.jpg,frog_eye_leaf_spot scab,"0,1,0,0,0,1",1,complex frog_eye_leaf_spot scab
b0dfa7548cda0dd0.jpg,complex,"1,0,0,0,0,0",4,frog_eye_leaf_spot
b0e0cf9f9e98e188.jpg,complex,"1,0,0,0,0,0",5,complex frog_eye_leaf_spot
b0e78f883a1cd14f.jpg,complex,"1,0,0,0,0,0",4,_none_
b0f0e768175ae64c.jpg,frog_eye_leaf_spot rust,"0,1,0,0,1,0",4,complex frog_eye_leaf_spot
b1259e32ea3c4dc9.jpg,complex frog_eye_leaf_spot,"1,1,0,0,0,0",4,complex
b13f7b8bd06c0f02.jpg,frog_eye_leaf_spot scab,"0,1,0,0,0,1",3,complex
b143c3ef8d728d90.jpg,frog_eye_leaf_spot scab,"0,1,0,0,0,1",4,frog_eye_leaf_spot
b14d92e5cbe04da5.jpg,frog_eye_leaf_spot scab,"0,1,0,0,0,1",4,complex
b14dc0eacf6aa615.jpg,complex,"1,0,0,0,0,0",5,complex frog_eye_leaf_spot scab
b163c29c9f94b0d5.jpg,complex frog_eye_leaf_spot,"1,1,0,0,0,0",4,complex
b16bd3c07a4e36c8.jpg,frog_eye_leaf_spot scab,"0,1,0,0,0,1",2,complex frog_eye_leaf_spot scab
b1a48f3e491b3ce8.jpg,frog_eye_leaf_spot scab,"0,1,0,0,0,1",3,complex
b1a84eec3e1641db.jpg,complex frog_eye_leaf_spot,"1,1,0,0,0,0",1,frog_eye_leaf_spot
b1ac922d9b694ba5.jpg,frog_eye_leaf_spot,"0,1,0,0,0,0",3,frog_eye_leaf_spot scab
b1f5e1c10f1d7c84.jpg,complex,"1,0,0,0,0,0",1,scab
b20ca85e127dbe65.jpg,complex,"1,0,0,0,0,0",2,rust
b21fcbab86b806b1.jpg,frog_eye_leaf_spot scab,"0,1,0,0,0,1",5,complex scab
b232674ccd98c6dc.jpg,frog_eye_leaf_spot,"0,1,0,0,0,0",3,frog_eye_leaf_spot scab
b269d663dc63c225.jpg,scab,"0,0,0,0,0,1",2,healthy
b2939a3e4a6363a9.jpg,frog_eye_leaf_spot,"0,1,0,0,0,0",1,frog_eye_leaf_spot scab
b2a6eb5f25a2a452.jpg,complex,"1,0,0,0,0,0",2,frog_eye_leaf_spot scab
b2aa71ebc7dac480.jpg,complex,"1,0,0,0,0,0",4,scab
b2afc6117171e5c1.jpg,complex,"1,0,0,0,0,0",5,_none_
b2c6ddcd4845adc2.jpg,powdery_mildew,"0,0,0,1,0,0",5,complex powdery_mildew
b2ccd8876c177661.jpg,frog_eye_leaf_spot rust,"0,1,0,0,1,0",1,complex rust
b2e6c70f8cb91c85.jpg,complex,"1,0,0,0,0,0",3,frog_eye_leaf_spot scab
b2ea56ae1fa2450b.jpg,frog_eye_leaf_spot scab,"0,1,0,0,0,1",1,complex frog_eye_leaf_spot scab
b33dc2a41f9b38d0.jpg,scab,"0,0,0,0,0,1",2,frog_eye_leaf_spot scab
b3a36e9cc99185e1.jpg,frog_eye_leaf_spot,"0,1,0,0,0,0",4,complex frog_eye_leaf_spot scab
b3cafd520ba0598d.jpg,complex,"1,0,0,0,0,0",4,complex scab
b3dd0f2652724707.jpg,frog_eye_leaf_spot rust,"0,1,0,0,1,0",4,_none_
b3ecab4516936499.jpg,frog_eye_leaf_spot scab,"0,1,0,0,0,1",4,complex frog_eye_leaf_spot scab
b410c2f39752d8cf.jpg,complex,"1,0,0,0,0,0",1,complex scab
b425c3c38f1d257c.jpg,frog_eye_leaf_spot scab,"0,1,0,0,0,1",2,complex
b42b80b74faa34cb.jpg,complex frog_eye_leaf_spot,"1,1,0,0,0,0",3,complex
b42d82d64d9bf219.jpg,frog_eye_leaf_spot rust,"0,1,0,0,1,0",3,complex rust
b466cb31302f3adc.jpg,frog_eye_leaf_spot scab,"0,1,0,0,0,1",4,complex
b4699669ca2dda86.jpg,complex,"1,0,0,0,0,0",3,complex powdery_mildew
b46eda93e8191569.jpg,frog_eye_leaf_spot scab,"0,1,0,0,0,1",3,complex frog_eye_leaf_spot scab
b4798d85d443e4bc.jpg,frog_eye_leaf_spot scab,"0,1,0,0,0,1",5,frog_eye_leaf_spot
b47ad9b3291b3321.jpg,frog_eye_leaf_spot scab,"0,1,0,0,0,1",2,complex
b489cde76202f333.jpg,frog_eye_leaf_spot scab,"0,1,0,0,0,1",2,frog_eye_leaf_spot
b48a558d485d6bea.jpg,scab,"0,0,0,0,0,1",1,_none_
b4939090fb603f6d.jpg,frog_eye_leaf_spot rust,"0,1,0,0,1,0",5,rust
b498c269bc25badc.jpg,complex,"1,0,0,0,0,0",5,frog_eye_leaf_spot
b49c834f8d86f1e1.jpg,complex,"1,0,0,0,0,0",4,scab
b4a04f9a34d7a68d.jpg,frog_eye_leaf_spot scab,"0,1,0,0,0,1",4,frog_eye_leaf_spot
b4a6dbd809039c5f.jpg,frog_eye_leaf_spot rust,"0,1,0,0,1,0",2,rust
b4a89ec89ababc15.jpg,complex frog_eye_leaf_spot,"1,1,0,0,0,0",4,complex
b4addad68b11591a.jpg,complex frog_eye_leaf_spot scab,"1,1,0,0,0,1",1,complex frog_eye_leaf_spot
b4b5d241456f82b7.jpg,frog_eye_leaf_spot,"0,1,0,0,0,0",5,_none_
b4b6d2c96dad4066.jpg,complex,"1,0,0,0,0,0",3,complex scab
b4c6c26a763d6a2a.jpg,scab,"0,0,0,0,0,1",2,powdery_mildew scab
b4d283a4d843eda7.jpg,frog_eye_leaf_spot scab,"0,1,0,0,0,1",4,frog_eye_leaf_spot
b4dfd2d2683cc4c2.jpg,complex,"1,0,0,0,0,0",3,scab
b4e1c0fdc749de08.jpg,complex,"1,0,0,0,0,0",3,_none_
b4e634c169636d71.jpg,complex,"1,0,0,0,0,0",4,scab
b4e7cf1af036042d.jpg,complex frog_eye_leaf_spot scab,"1,1,0,0,0,1",2,complex frog_eye_leaf_spot
b4ef43cb56216c34.jpg,healthy,"0,0,1,0,0,0",1,scab
b4f4cb43069f612d.jpg,complex frog_eye_leaf_spot,"1,1,0,0,0,0",1,complex
b4faa6944d27cc98.jpg,complex,"1,0,0,0,0,0",1,complex rust
b53542d28b699f89.jpg,complex,"1,0,0,0,0,0",5,complex frog_eye_leaf_spot
b5394551dd25eb50.jpg,complex,"1,0,0,0,0,0",1,frog_eye_leaf_spot scab
b53b8733d03658d2.jpg,complex,"1,0,0,0,0,0",5,scab
b54d29b984a1b57a.jpg,complex frog_eye_leaf_spot,"1,1,0,0,0,0",3,frog_eye_leaf_spot
b55be3cccd85051a.jpg,complex,"1,0,0,0,0,0",3,_none_
b5669b69499136c9.jpg,frog_eye_leaf_spot scab,"0,1,0,0,0,1",3,frog_eye_leaf_spot
b56df0e2c98a4b0b.jpg,complex,"1,0,0,0,0,0",2,complex frog_eye_leaf_spot scab
b570dc9839c191e7.jpg,frog_eye_leaf_spot rust,"0,1,0,0,1,0",1,frog_eye_leaf_spot
b58f8fdc28303267.jpg,complex,"1,0,0,0,0,0",2,complex frog_eye_leaf_spot scab
b590496c83f349f5.jpg,frog_eye_leaf_spot scab,"0,1,0,0,0,1",2,scab
b597c3a2c29c4b95.jpg,frog_eye_leaf_spot scab,"0,1,0,0,0,1",3,complex
b597d0978072cab5.jpg,complex frog_eye_leaf_spot,"1,1,0,0,0,0",3,complex frog_eye_leaf_spot scab
b5abd6cfc12a2415.jpg,complex,"1,0,0,0,0,0",4,complex frog_eye_leaf_spot
b5b1c1d396961a1d.jpg,complex frog_eye_leaf_spot,"1,1,0,0,0,0",4,complex
b5c087bf8bb04d31.jpg,complex rust,"1,0,0,0,1,0",1,scab
b5c6cc989a9a9371.jpg,complex,"1,0,0,0,0,0",3,_none_
b5cdd25899a69394.jpg,complex,"1,0,0,0,0,0",5,frog_eye_leaf_spot
b5d2da4c7e342235.jpg,complex,"1,0,0,0,0,0",4,frog_eye_leaf_spot scab
b5d2ef30833da80d.jpg,complex,"1,0,0,0,0,0",2,_none_
b5d5508f3c64b525.jpg,frog_eye_leaf_spot scab,"0,1,0,0,0,1",1,complex scab
b5e11248e1333fce.jpg,complex,"1,0,0,0,0,0",2,complex frog_eye_leaf_spot
b5e1c297cf9a8449.jpg,complex,"1,0,0,0,0,0",3,frog_eye_leaf_spot scab
b5f2364b8e41c51d.jpg,frog_eye_leaf_spot scab,"0,1,0,0,0,1",4,complex frog_eye_leaf_spot scab
b61ac17d0fe18ca3.jpg,complex,"1,0,0,0,0,0",1,complex frog_eye_leaf_spot scab
b61ac2b8cd40af73.jpg,complex,"1,0,0,0,0,0",3,scab
b61b12cb6d25233b.jpg,frog_eye_leaf_spot scab,"0,1,0,0,0,1",4,scab
b649e6a20b51cd5b.jpg,frog_eye_leaf_spot scab,"0,1,0,0,0,1",3,frog_eye_leaf_spot
b66e936a49b00ecb.jpg,frog_eye_leaf_spot scab,"0,1,0,0,0,1",5,frog_eye_leaf_spot
b676d2910fa33c61.jpg,frog_eye_leaf_spot scab,"0,1,0,0,0,1",4,complex
b68417a69acc9b9c.jpg,complex frog_eye_leaf_spot,"1,1,0,0,0,0",1,frog_eye_leaf_spot scab
b687c6f14fe129c0.jpg,complex,"1,0,0,0,0,0",1,frog_eye_leaf_spot
b696ae68d82b550d.jpg,complex frog_eye_leaf_spot scab,"1,1,0,0,0,1",1,complex
b69f3e190532a3d4.jpg,frog_eye_leaf_spot,"0,1,0,0,0,0",5,frog_eye_leaf_spot rust
b6a48ad62d96c9b4.jpg,frog_eye_leaf_spot scab,"0,1,0,0,0,1",2,frog_eye_leaf_spot
b6ac36ad8bc0a31e.jpg,complex,"1,0,0,0,0,0",2,frog_eye_leaf_spot scab
b6b0d8c5c6a343a7.jpg,powdery_mildew,"0,0,0,1,0,0",3,healthy powdery_mildew
b6e183979cb24d23.jpg,complex frog_eye_leaf_spot,"1,1,0,0,0,0",1,complex
b6e2469d1113b9ab.jpg,powdery_mildew,"0,0,0,1,0,0",5,rust
b6f0fa9a90034b6b.jpg,rust,"0,0,0,0,1,0",2,complex rust
b71d2ed1226a2d53.jpg,rust,"0,0,0,0,1,0",2,frog_eye_leaf_spot
b72ade1d20c372c6.jpg,frog_eye_leaf_spot rust,"0,1,0,0,1,0",2,rust
b781cd2d0e265f13.jpg,complex frog_eye_leaf_spot scab,"1,1,0,0,0,1",5,complex
b7a1c691ec694c74.jpg,complex frog_eye_leaf_spot scab,"1,1,0,0,0,1",3,complex
b7b4eaa08f912b89.jpg,frog_eye_leaf_spot,"0,1,0,0,0,0",2,frog_eye_leaf_spot scab
b7c4d3af4d872601.jpg,complex frog_eye_leaf_spot scab,"1,1,0,0,0,1",4,frog_eye_leaf_spot scab
b818dbed00ed62da.jpg,complex,"1,0,0,0,0,0",4,frog_eye_leaf_spot scab
b81ee29c56d3c662.jpg,complex,"1,0,0,0,0,0",3,complex powdery_mildew
b8219f67d004f87e.jpg,complex frog_eye_leaf_spot scab,"1,1,0,0,0,1",2,frog_eye_leaf_spot scab
b83bc035cad21fc6.jpg,frog_eye_leaf_spot scab,"0,1,0,0,0,1",3,complex scab
b86b027cc71ace39.jpg,complex,"1,0,0,0,0,0",2,complex frog_eye_leaf_spot
b8708635c951e55f.jpg,complex,"1,0,0,0,0,0",2,frog_eye_leaf_spot
b882c18b879fcd69.jpg,complex frog_eye_leaf_spot scab,"1,1,0,0,0,1",4,frog_eye_leaf_spot scab
b897eaf0742c701d.jpg,complex,"1,0,0,0,0,0",1,complex frog_eye_leaf_spot
b8a1949f1b3962f4.jpg,complex frog_eye_leaf_spot,"1,1,0,0,0,0",2,complex
b8aa92b233e1cc5d.jpg,complex,"1,0,0,0,0,0",3,rust
b8b9f985704b4725.jpg,frog_eye_leaf_spot scab,"0,1,0,0,0,1",3,scab
b8d0d32d6a704f65.jpg,frog_eye_leaf_spot rust,"0,1,0,0,1,0",3,frog_eye_leaf_spot
b8ddb6235e339302.jpg,frog_eye_leaf_spot,"0,1,0,0,0,0",2,frog_eye_leaf_spot scab
b91ed118d699c8b3.jpg,frog_eye_leaf_spot scab,"0,1,0,0,0,1",5,frog_eye_leaf_spot
b949069b3d65d45a.jpg,complex frog_eye_leaf_spot,"1,1,0,0,0,0",2,complex
b9802bdf905fc239.jpg,complex,"1,0,0,0,0,0",2,frog_eye_leaf_spot scab
b9c4949bc0d24f8f.jpg,frog_eye_leaf_spot scab,"0,1,0,0,0,1",2,frog_eye_leaf_spot
b9ce80861ed2f653.jpg,scab,"0,0,0,0,0,1",3,complex
b9f8c8c7548bc5c2.jpg,scab,"0,0,0,0,0,1",3,frog_eye_leaf_spot scab
b9fdf8d8d0058496.jpg,complex,"1,0,0,0,0,0",2,complex powdery_mildew
ba0be0be4f7d05a0.jpg,frog_eye_leaf_spot scab,"0,1,0,0,0,1",5,complex frog_eye_leaf_spot scab
ba74d2b8cf6c7042.jpg,frog_eye_leaf_spot scab,"0,1,0,0,0,1",3,complex frog_eye_leaf_spot
baa48e75eaa38352.jpg,rust,"0,0,0,0,1,0",3,_none_
bab5cb70a1c2b4c9.jpg,frog_eye_leaf_spot,"0,1,0,0,0,0",5,frog_eye_leaf_spot scab
bab5d5c90afb2052.jpg,complex frog_eye_leaf_spot scab,"1,1,0,0,0,1",3,scab
babc4108fbdda303.jpg,complex frog_eye_leaf_spot,"1,1,0,0,0,0",1,complex
bac14e6fb04a91d3.jpg,complex,"1,0,0,0,0,0",1,complex frog_eye_leaf_spot
baf0d7c0ca1fdd00.jpg,complex,"1,0,0,0,0,0",1,complex frog_eye_leaf_spot scab
bb1ce326ccb92645.jpg,complex,"1,0,0,0,0,0",5,_none_
bb848ba16e8d338b.jpg,complex rust,"1,0,0,0,1,0",3,rust
bbe2c9e04993f01d.jpg,powdery_mildew,"0,0,0,1,0,0",2,complex powdery_mildew
bc01cabf35da31a4.jpg,powdery_mildew,"0,0,0,1,0,0",5,complex
bc081eee6be421f4.jpg,frog_eye_leaf_spot scab,"0,1,0,0,0,1",3,frog_eye_leaf_spot
bc371e934091cd67.jpg,complex frog_eye_leaf_spot scab,"1,1,0,0,0,1",2,frog_eye_leaf_spot scab
bc7bcf9a1b042919.jpg,complex frog_eye_leaf_spot scab,"1,1,0,0,0,1",5,complex
bc89c0038b979de7.jpg,complex,"1,0,0,0,0,0",2,complex rust
bc8d94cad7cb2b02.jpg,complex,"1,0,0,0,0,0",3,frog_eye_leaf_spot
bc9ec3589f470a25.jpg,frog_eye_leaf_spot scab,"0,1,0,0,0,1",5,complex frog_eye_leaf_spot scab
bcb0c0d08fadccd9.jpg,complex,"1,0,0,0,0,0",4,frog_eye_leaf_spot scab
bcb424c1c9cfcdc8.jpg,complex frog_eye_leaf_spot scab,"1,1,0,0,0,1",3,complex scab
bcb8c29f156969a2.jpg,complex frog_eye_leaf_spot scab,"1,1,0,0,0,1",2,complex frog_eye_leaf_spot
bcead055c9062dd3.jpg,complex,"1,0,0,0,0,0",4,frog_eye_leaf_spot scab
bcf31f814e334e05.jpg,complex frog_eye_leaf_spot,"1,1,0,0,0,0",2,complex
bcf4cfa40698331d.jpg,scab,"0,0,0,0,0,1",1,frog_eye_leaf_spot
bd0002ae9bef6eb0.jpg,frog_eye_leaf_spot rust,"0,1,0,0,1,0",5,frog_eye_leaf_spot
bd05f0ca41c93d6b.jpg,complex frog_eye_leaf_spot,"1,1,0,0,0,0",5,complex frog_eye_leaf_spot scab
bd14c2e9d72256b1.jpg,complex frog_eye_leaf_spot,"1,1,0,0,0,0",2,frog_eye_leaf_spot
bd2195dd843e694a.jpg,frog_eye_leaf_spot scab,"0,1,0,0,0,1",4,complex frog_eye_leaf_spot scab
bd23c58b189b531d.jpg,complex,"1,0,0,0,0,0",2,_none_
bd25252ff090b9e8.jpg,complex,"1,0,0,0,0,0",4,scab
bd2a03fd9f438470.jpg,frog_eye_leaf_spot rust,"0,1,0,0,1,0",1,rust
bd2cd3d84b5d0ca2.jpg,complex,"1,0,0,0,0,0",4,rust
bd48bb66ce3cd022.jpg,frog_eye_leaf_spot scab,"0,1,0,0,0,1",5,complex frog_eye_leaf_spot scab
bd49d23ec83a8a39.jpg,frog_eye_leaf_spot scab,"0,1,0,0,0,1",1,complex frog_eye_leaf_spot
bd7a61e0879086bb.jpg,frog_eye_leaf_spot scab,"0,1,0,0,0,1",3,complex
bd7b83e01a8079cd.jpg,complex,"1,0,0,0,0,0",4,complex scab
bd7e3847a1a09713.jpg,frog_eye_leaf_spot scab,"0,1,0,0,0,1",4,frog_eye_leaf_spot
bd82922fda68497c.jpg,frog_eye_leaf_spot rust,"0,1,0,0,1,0",2,complex
bd90dece2f240b83.jpg,complex,"1,0,0,0,0,0",3,complex frog_eye_leaf_spot
bdb5c0b483a59a4b.jpg,complex,"1,0,0,0,0,0",1,complex scab
bdc0cfb64eb802aa.jpg,complex,"1,0,0,0,0,0",4,complex frog_eye_leaf_spot scab
bded92e80d4f6118.jpg,scab,"0,0,0,0,0,1",1,frog_eye_leaf_spot scab
bdf8e5c4808eab94.jpg,powdery_mildew,"0,0,0,1,0,0",3,healthy powdery_mildew
be31c29e8d2c6953.jpg,complex frog_eye_leaf_spot,"1,1,0,0,0,0",2,complex
be80d450dac87d7c.jpg,complex frog_eye_leaf_spot,"1,1,0,0,0,0",4,frog_eye_leaf_spot
be839493ca232c3f.jpg,complex rust,"1,0,0,0,1,0",4,complex
be8ee0f09740f616.jpg,complex,"1,0,0,0,0,0",4,scab
be8f90593134d3cc.jpg,complex,"1,0,0,0,0,0",4,complex frog_eye_leaf_spot scab
bea1821cd85fb13a.jpg,rust,"0,0,0,0,1,0",3,complex rust
beac9a2c1b4329e3.jpg,scab,"0,0,0,0,0,1",5,_none_
beadfad2005119b5.jpg,frog_eye_leaf_spot scab,"0,1,0,0,0,1",3,complex frog_eye_leaf_spot scab
beb542f99608d2ac.jpg,complex,"1,0,0,0,0,0",4,frog_eye_leaf_spot
bee07c213c9fc6c0.jpg,rust,"0,0,0,0,1,0",4,complex rust
beea8ab435c0e11d.jpg,frog_eye_leaf_spot rust,"0,1,0,0,1,0",4,complex frog_eye_leaf_spot
befbc3cda30c0388.jpg,powdery_mildew,"0,0,0,1,0,0",5,complex
bf05b05f0b6817b4.jpg,scab,"0,0,0,0,0,1",3,frog_eye_leaf_spot scab
bf29c2839b3f5850.jpg,complex frog_eye_leaf_spot,"1,1,0,0,0,0",2,complex
bf479197cb1a7048.jpg,frog_eye_leaf_spot scab,"0,1,0,0,0,1",2,complex
bf52c0fa56747089.jpg,complex frog_eye_leaf_spot,"1,1,0,0,0,0",5,frog_eye_leaf_spot
bf558341cda1e592.jpg,complex,"1,0,0,0,0,0",3,complex frog_eye_leaf_spot scab
bf6983943d3c3324.jpg,complex,"1,0,0,0,0,0",5,complex frog_eye_leaf_spot
bf76e8d3c0c045c5.jpg,complex,"1,0,0,0,0,0",3,complex frog_eye_leaf_spot
bf7e9ec08081f9c2.jpg,complex,"1,0,0,0,0,0",3,rust
bf90c1f68ae43594.jpg,complex,"1,0,0,0,0,0",3,frog_eye_leaf_spot scab
bfb0920bc96d68e4.jpg,scab,"0,0,0,0,0,1",1,healthy
bfb1a29285b7482e.jpg,frog_eye_leaf_spot,"0,1,0,0,0,0",3,complex frog_eye_leaf_spot
bfc293d993195858.jpg,complex frog_eye_leaf_spot,"1,1,0,0,0,0",4,complex frog_eye_leaf_spot scab
bfc6d90f402f4c34.jpg,frog_eye_leaf_spot scab,"0,1,0,0,0,1",2,complex frog_eye_leaf_spot scab
bfebc7d6a20412b0.jpg,frog_eye_leaf_spot scab,"0,1,0,0,0,1",2,complex frog_eye_leaf_spot
c0078fdbf2676c42.jpg,frog_eye_leaf_spot,"0,1,0,0,0,0",4,_none_
c007fac72d2d31da.jpg,scab,"0,0,0,0,0,1",5,_none_
c00f37793e3d31b0.jpg,complex,"1,0,0,0,0,0",4,_none_
c02d2ed7855e5e98.jpg,frog_eye_leaf_spot rust,"0,1,0,0,1,0",1,complex
c02dbf9f433028fa.jpg,complex rust,"1,0,0,0,1,0",1,rust
c035cf736182b2fa.jpg,complex,"1,0,0,0,0,0",2,_none_
c03dd07a4a661fe6.jpg,complex frog_eye_leaf_spot scab,"1,1,0,0,0,1",4,complex scab
c03f1bbf94c8a5a8.jpg,frog_eye_leaf_spot scab,"0,1,0,0,0,1",4,scab
c04f22253e2f367e.jpg,healthy,"0,0,1,0,0,0",4,scab
c071bc99c732cd27.jpg,frog_eye_leaf_spot rust,"0,1,0,0,1,0",1,rust
c0816a962dceb76b.jpg,healthy,"0,0,1,0,0,0",1,scab
c08237dd9fb512e2.jpg,complex frog_eye_leaf_spot,"1,1,0,0,0,0",4,complex frog_eye_leaf_spot scab
c0823cfe953b4cda.jpg,complex,"1,0,0,0,0,0",2,rust
c09798cb9eb16639.jpg,frog_eye_leaf_spot rust,"0,1,0,0,1,0",1,frog_eye_leaf_spot
c0ad2dad55930adb.jpg,frog_eye_leaf_spot scab,"0,1,0,0,0,1",3,complex
c0bc431f5396b0f5.jpg,frog_eye_leaf_spot,"0,1,0,0,0,0",4,frog_eye_leaf_spot scab
c0bcda4f1c8067f3.jpg,scab,"0,0,0,0,0,1",2,frog_eye_leaf_spot
c0c2e9d3953b3e2a.jpg,complex,"1,0,0,0,0,0",5,frog_eye_leaf_spot scab
c0c75c137efdc221.jpg,complex,"1,0,0,0,0,0",2,scab
c0cc3188dcad5fd5.jpg,complex,"1,0,0,0,0,0",4,complex scab
c0ea29ca06e997ed.jpg,frog_eye_leaf_spot scab,"0,1,0,0,0,1",1,scab
c0ef3dc23ea5812e.jpg,complex,"1,0,0,0,0,0",1,frog_eye_leaf_spot
c0f8858c7f1e720f.jpg,complex,"1,0,0,0,0,0",1,complex frog_eye_leaf_spot scab
c0fe1e5229bd6552.jpg,powdery_mildew,"0,0,0,1,0,0",1,complex
c130c0c99cb33f6f.jpg,complex,"1,0,0,0,0,0",3,_none_
c13e7e62d79b1181.jpg,scab,"0,0,0,0,0,1",2,healthy
c14ac7db692a26d9.jpg,scab,"0,0,0,0,0,1",1,healthy scab
c16f9bd00b960bf2.jpg,frog_eye_leaf_spot scab,"0,1,0,0,0,1",1,frog_eye_leaf_spot
c198cf2f7a1f850a.jpg,complex,"1,0,0,0,0,0",4,complex frog_eye_leaf_spot
c19e789a0ebe2ad1.jpg,complex,"1,0,0,0,0,0",2,frog_eye_leaf_spot scab
c1a41fc41cfab88f.jpg,frog_eye_leaf_spot scab,"0,1,0,0,0,1",2,frog_eye_leaf_spot
c1b38797b4a8e8e8.jpg,complex frog_eye_leaf_spot scab,"1,1,0,0,0,1",1,frog_eye_leaf_spot
c1b63f3a0da84657.jpg,complex frog_eye_leaf_spot scab,"1,1,0,0,0,1",3,complex
c1bd931747d02b4b.jpg,complex rust,"1,0,0,0,1,0",3,complex
c1c5665a3f23915e.jpg,frog_eye_leaf_spot,"0,1,0,0,0,0",5,complex frog_eye_leaf_spot
c1c6b16eb5a4372c.jpg,complex frog_eye_leaf_spot scab,"1,1,0,0,0,1",5,complex frog_eye_leaf_spot
c1c71b1d1f9ea2c1.jpg,complex frog_eye_leaf_spot scab,"1,1,0,0,0,1",4,complex
c1d130bca4969fad.jpg,complex frog_eye_leaf_spot scab,"1,1,0,0,0,1",5,complex
c1e0d943f5256a9b.jpg,complex,"1,0,0,0,0,0",4,complex frog_eye_leaf_spot scab
c1e431c75f2a1f13.jpg,scab,"0,0,0,0,0,1",1,_none_
c1e7dc1f60893f81.jpg,complex,"1,0,0,0,0,0",2,frog_eye_leaf_spot
c2403f37309979fc.jpg,frog_eye_leaf_spot scab,"0,1,0,0,0,1",1,scab
c25b30c99bd07d4b.jpg,complex frog_eye_leaf_spot,"1,1,0,0,0,0",5,complex
c25f935d59616b06.jpg,frog_eye_leaf_spot,"0,1,0,0,0,0",3,complex frog_eye_leaf_spot
c2656b8b398a3727.jpg,complex rust,"1,0,0,0,1,0",3,complex
c26a1355ed272cce.jpg,frog_eye_leaf_spot rust,"0,1,0,0,1,0",5,complex rust
c29c9ce3aaec441f.jpg,powdery_mildew,"0,0,0,1,0,0",3,complex powdery_mildew
c2a0f402179f9cfe.jpg,frog_eye_leaf_spot scab,"0,1,0,0,0,1",5,frog_eye_leaf_spot
c2b23d4f39ec8b50.jpg,frog_eye_leaf_spot scab,"0,1,0,0,0,1",4,frog_eye_leaf_spot
c2b6ecbaa26988e9.jpg,frog_eye_leaf_spot,"0,1,0,0,0,0",2,complex frog_eye_leaf_spot
c2b79f82c04391bf.jpg,powdery_mildew,"0,0,0,1,0,0",5,complex
c2b923bd42a57257.jpg,complex frog_eye_leaf_spot scab,"1,1,0,0,0,1",2,complex
c2cb9e149a356a75.jpg,frog_eye_leaf_spot scab,"0,1,0,0,0,1",2,complex scab
c2d034646fa7dea4.jpg,complex frog_eye_leaf_spot,"1,1,0,0,0,0",2,complex
c2e1bada516dcc51.jpg,scab,"0,0,0,0,0,1",4,_none_
c2e7974c98925ed8.jpg,frog_eye_leaf_spot rust,"0,1,0,0,1,0",1,rust
c2ea4ba6c1532d5b.jpg,complex frog_eye_leaf_spot scab,"1,1,0,0,0,1",5,complex
c338f103cacc7e55.jpg,scab,"0,0,0,0,0,1",4,healthy
c3797e8908daf1d0.jpg,frog_eye_leaf_spot scab,"0,1,0,0,0,1",4,frog_eye_leaf_spot
c3854e6779d54193.jpg,frog_eye_leaf_spot scab,"0,1,0,0,0,1",1,complex
c3976ee664e640e1.jpg,complex frog_eye_leaf_spot scab,"1,1,0,0,0,1",3,complex scab
c3b555e0aed194cc.jpg,complex,"1,0,0,0,0,0",2,frog_eye_leaf_spot
c3c5f53457aa2a51.jpg,complex frog_eye_leaf_spot,"1,1,0,0,0,0",1,complex
c40a6334177eafc3.jpg,frog_eye_leaf_spot,"0,1,0,0,0,0",4,frog_eye_leaf_spot scab
c420c4e25f6f3d87.jpg,complex,"1,0,0,0,0,0",1,complex frog_eye_leaf_spot scab
c4634d87a57e343c.jpg,complex,"1,0,0,0,0,0",1,complex frog_eye_leaf_spot
c4742ec2efe359c0.jpg,complex frog_eye_leaf_spot,"1,1,0,0,0,0",4,complex
c476977a9a49489d.jpg,frog_eye_leaf_spot scab,"0,1,0,0,0,1",5,complex
c47adb62e2ca823b.jpg,frog_eye_leaf_spot scab,"0,1,0,0,0,1",2,complex
c49ccecb0db79c30.jpg,complex,"1,0,0,0,0,0",1,complex frog_eye_leaf_spot scab
c4c54fcb5b5705a4.jpg,frog_eye_leaf_spot scab,"0,1,0,0,0,1",4,complex frog_eye_leaf_spot scab
c4c711f2b71e6c0d.jpg,complex,"1,0,0,0,0,0",4,_none_
c4ed06b4bbd92a52.jpg,frog_eye_leaf_spot scab,"0,1,0,0,0,1",5,complex scab
c4f61f82bc397099.jpg,frog_eye_leaf_spot scab,"0,1,0,0,0,1",2,complex
c51a2d2e209b6f9e.jpg,scab,"0,0,0,0,0,1",5,healthy
c530324bafc7729a.jpg,complex,"1,0,0,0,0,0",5,_none_
c54a8b7cd5754760.jpg,complex rust,"1,0,0,0,1,0",5,rust
c5642ecaef1059cd.jpg,complex frog_eye_leaf_spot,"1,1,0,0,0,0",3,complex
c56943d8a983fa96.jpg,complex,"1,0,0,0,0,0",5,_none_
c56b9c9a9a585a53.jpg,complex frog_eye_leaf_spot scab,"1,1,0,0,0,1",5,frog_eye_leaf_spot scab
c5805a8b4574bbaf.jpg,frog_eye_leaf_spot,"0,1,0,0,0,0",4,frog_eye_leaf_spot scab
c59c9fce90e26c2c.jpg,complex frog_eye_leaf_spot scab,"1,1,0,0,0,1",4,complex frog_eye_leaf_spot
c5a137f13683cb46.jpg,frog_eye_leaf_spot,"0,1,0,0,0,0",3,complex frog_eye_leaf_spot
c5a485d4bdc47b45.jpg,frog_eye_leaf_spot scab,"0,1,0,0,0,1",4,frog_eye_leaf_spot
c5a588f9a7b4e50a.jpg,complex rust,"1,0,0,0,1,0",3,rust
c5b19a98c875adb8.jpg,frog_eye_leaf_spot scab,"0,1,0,0,0,1",5,complex scab
c5bc36714749c8cd.jpg,frog_eye_leaf_spot scab,"0,1,0,0,0,1",1,scab
c5bd1a40da5ede50.jpg,scab,"0,0,0,0,0,1",1,_none_
c5ce0dc3f197321a.jpg,complex,"1,0,0,0,0,0",1,_none_
c5d8c672369399e4.jpg,frog_eye_leaf_spot,"0,1,0,0,0,0",5,_none_
c5df20c07bc15bc9.jpg,complex frog_eye_leaf_spot,"1,1,0,0,0,0",3,frog_eye_leaf_spot
c5e4f43f273ca281.jpg,complex,"1,0,0,0,0,0",5,_none_
c5ff2554f0a95245.jpg,scab,"0,0,0,0,0,1",2,healthy
c61f3648264d978f.jpg,complex,"1,0,0,0,0,0",5,frog_eye_leaf_spot scab
c67a01efc3374b60.jpg,complex,"1,0,0,0,0,0",3,frog_eye_leaf_spot
c689807c959ef1b6.jpg,frog_eye_leaf_spot,"0,1,0,0,0,0",2,complex
c6e53fca10b1731c.jpg,frog_eye_leaf_spot scab,"0,1,0,0,0,1",3,complex
c6f27280f29719d9.jpg,frog_eye_leaf_spot scab,"0,1,0,0,0,1",5,scab
c72e6615fed514c0.jpg,frog_eye_leaf_spot scab,"0,1,0,0,0,1",2,_none_
c75a25d0cbcde630.jpg,scab,"0,0,0,0,0,1",3,complex
c77960e1c343c6b6.jpg,complex,"1,0,0,0,0,0",3,frog_eye_leaf_spot
c79230f2a207ff86.jpg,complex frog_eye_leaf_spot scab,"1,1,0,0,0,1",3,frog_eye_leaf_spot
c793b59c90e64e0e.jpg,frog_eye_leaf_spot,"0,1,0,0,0,0",1,complex frog_eye_leaf_spot
c7a0859bced8dc45.jpg,frog_eye_leaf_spot rust,"0,1,0,0,1,0",3,complex frog_eye_leaf_spot scab
c7d07f6865147668.jpg,complex,"1,0,0,0,0,0",1,frog_eye_leaf_spot
c7d0d8d47d2634e4.jpg,complex frog_eye_leaf_spot,"1,1,0,0,0,0",5,complex
c7d8838fc0e3ce83.jpg,scab,"0,0,0,0,0,1",3,_none_
c7e567c9cd053898.jpg,complex,"1,0,0,0,0,0",3,scab
c82c2fb319e996c3.jpg,healthy,"0,0,1,0,0,0",4,frog_eye_leaf_spot healthy
c83969eb294d2637.jpg,complex powdery_mildew,"1,0,0,1,0,0",3,complex
c87832c1c78f8ece.jpg,frog_eye_leaf_spot scab,"0,1,0,0,0,1",5,scab
c880bbdfcb612d62.jpg,complex,"1,0,0,0,0,0",4,complex scab
c882bd994935f137.jpg,frog_eye_leaf_spot scab,"0,1,0,0,0,1",3,frog_eye_leaf_spot
c8966548df21573d.jpg,healthy,"0,0,1,0,0,0",5,_none_
c8a069971e3a653f.jpg,complex frog_eye_leaf_spot,"1,1,0,0,0,0",2,frog_eye_leaf_spot
c8be28c0355d9fb8.jpg,complex frog_eye_leaf_spot,"1,1,0,0,0,0",5,complex
c8c22aadc8763eb6.jpg,complex frog_eye_leaf_spot,"1,1,0,0,0,0",1,complex
c8c3a90eb17b7962.jpg,complex,"1,0,0,0,0,0",4,complex frog_eye_leaf_spot
c8e76ff01c38a24d.jpg,rust,"0,0,0,0,1,0",2,complex rust
c8f207c8931e21ff.jpg,frog_eye_leaf_spot scab,"0,1,0,0,0,1",1,scab
c91fb33e1dc024cb.jpg,complex,"1,0,0,0,0,0",4,scab
c937a581977c6f20.jpg,complex,"1,0,0,0,0,0",2,complex rust
c963215ea5ad3665.jpg,complex,"1,0,0,0,0,0",5,complex scab
c98655c783fec0f0.jpg,scab,"0,0,0,0,0,1",1,complex scab
c9976a90d56928db.jpg,frog_eye_leaf_spot,"0,1,0,0,0,0",4,complex
c9a66ddfd4555404.jpg,powdery_mildew,"0,0,0,1,0,0",1,scab
c9a8c1d797d24aca.jpg,complex,"1,0,0,0,0,0",5,complex scab
c9ae18e2cf83b296.jpg,frog_eye_leaf_spot scab,"0,1,0,0,0,1",4,frog_eye_leaf_spot
c9b087c7aa7cd2c8.jpg,rust,"0,0,0,0,1,0",1,complex rust
c9c07394f8d4ae39.jpg,frog_eye_leaf_spot scab,"0,1,0,0,0,1",2,frog_eye_leaf_spot
c9e5e7cc99b8830a.jpg,complex,"1,0,0,0,0,0",2,powdery_mildew
c9e63b7630743474.jpg,complex frog_eye_leaf_spot scab,"1,1,0,0,0,1",4,frog_eye_leaf_spot scab
c9e8478782b6b1c7.jpg,complex,"1,0,0,0,0,0",4,frog_eye_leaf_spot scab
c9f492e3cd114aa7.jpg,frog_eye_leaf_spot scab,"0,1,0,0,0,1",3,complex frog_eye_leaf_spot scab
c9fc39f0c201d4f3.jpg,frog_eye_leaf_spot rust,"0,1,0,0,1,0",1,frog_eye_leaf_spot
ca121736cadbcb61.jpg,frog_eye_leaf_spot rust,"0,1,0,0,1,0",1,rust
ca361fce6abe00cc.jpg,complex,"1,0,0,0,0,0",3,complex frog_eye_leaf_spot
ca3f3f3d542ac2a0.jpg,complex frog_eye_leaf_spot scab,"1,1,0,0,0,1",1,complex
ca994a3acd5bd451.jpg,complex frog_eye_leaf_spot,"1,1,0,0,0,0",3,complex rust
caaf5551b7585458.jpg,complex frog_eye_leaf_spot scab,"1,1,0,0,0,1",3,complex
cb8120b3a0b9ddfa.jpg,complex frog_eye_leaf_spot scab,"1,1,0,0,0,1",4,frog_eye_leaf_spot scab
cb8660f0e5958fa6.jpg,healthy,"0,0,1,0,0,0",1,_none_
cb919518d8eb7274.jpg,complex frog_eye_leaf_spot scab,"1,1,0,0,0,1",3,frog_eye_leaf_spot scab
cba48fa2b5bc168c.jpg,complex frog_eye_leaf_spot scab,"1,1,0,0,0,1",5,frog_eye_leaf_spot scab
cbb66bad98910e32.jpg,frog_eye_leaf_spot scab,"0,1,0,0,0,1",5,scab
cbbb8bc0361ff110.jpg,scab,"0,0,0,0,0,1",1,healthy
cbc96e1750a613bc.jpg,complex,"1,0,0,0,0,0",4,scab
cbfa218f81268e8f.jpg,complex,"1,0,0,0,0,0",2,frog_eye_leaf_spot
cc612ed9e5107f19.jpg,frog_eye_leaf_spot rust,"0,1,0,0,1,0",2,rust
cc6338e137a9a34d.jpg,frog_eye_leaf_spot scab,"0,1,0,0,0,1",1,scab
cc939795b5a5292a.jpg,complex,"1,0,0,0,0,0",3,_none_
cc9e079032bdb1cd.jpg,frog_eye_leaf_spot rust,"0,1,0,0,1,0",4,complex frog_eye_leaf_spot
ccaa6183adcd455d.jpg,frog_eye_leaf_spot scab,"0,1,0,0,0,1",2,complex frog_eye_leaf_spot scab
ccb152972a7a6555.jpg,complex frog_eye_leaf_spot,"1,1,0,0,0,0",5,complex
ccf492cb8eacb988.jpg,complex,"1,0,0,0,0,0",5,frog_eye_leaf_spot scab
cd27ce297630c761.jpg,complex,"1,0,0,0,0,0",1,frog_eye_leaf_spot
cd406ac787c6eab8.jpg,rust,"0,0,0,0,1,0",2,_none_
cd8a3c80aea8afe3.jpg,frog_eye_leaf_spot scab,"0,1,0,0,0,1",1,complex
cd99c5888b342de7.jpg,frog_eye_leaf_spot scab,"0,1,0,0,0,1",4,complex frog_eye_leaf_spot scab
cdcc0c8fe8bec909.jpg,complex,"1,0,0,0,0,0",3,scab
cde0a32e8eb1495b.jpg,frog_eye_leaf_spot scab,"0,1,0,0,0,1",1,frog_eye_leaf_spot
cdf71f3395a20164.jpg,complex frog_eye_leaf_spot scab,"1,1,0,0,0,1",3,complex
cdfc76f09e2114e0.jpg,frog_eye_leaf_spot scab,"0,1,0,0,0,1",1,frog_eye_leaf_spot
ce13fc4a586b8ce4.jpg,complex rust,"1,0,0,0,1,0",2,rust
ce226a3cb099db4b.jpg,complex,"1,0,0,0,0,0",1,_none_
ce333d8d079f0a4a.jpg,complex frog_eye_leaf_spot,"1,1,0,0,0,0",1,complex frog_eye_leaf_spot scab
ce4a8ec322b3f03b.jpg,scab,"0,0,0,0,0,1",4,_none_
ce62623318bf5e86.jpg,frog_eye_leaf_spot scab,"0,1,0,0,0,1",5,complex
ce8637b2c328e179.jpg,powdery_mildew,"0,0,0,1,0,0",1,healthy powdery_mildew
ce8830b568669d7e.jpg,frog_eye_leaf_spot scab,"0,1,0,0,0,1",5,scab
ce93e68e9c7003f8.jpg,complex frog_eye_leaf_spot scab,"1,1,0,0,0,1",2,frog_eye_leaf_spot scab
ce956445504bbdab.jpg,complex frog_eye_leaf_spot,"1,1,0,0,0,0",4,complex
ceb6b4cbf4a00b83.jpg,complex,"1,0,0,0,0,0",1,frog_eye_leaf_spot scab
ceee14f9db12c290.jpg,complex frog_eye_leaf_spot,"1,1,0,0,0,0",3,complex
cefa8435c02d99ab.jpg,complex,"1,0,0,0,0,0",3,complex frog_eye_leaf_spot
cf04e49f16a26b27.jpg,scab,"0,0,0,0,0,1",3,complex
cf3712db29997809.jpg,rust,"0,0,0,0,1,0",3,frog_eye_leaf_spot rust
cf3b10b30df2698c.jpg,complex,"1,0,0,0,0,0",1,_none_
cf703fda70e228a4.jpg,frog_eye_leaf_spot,"0,1,0,0,0,0",4,_none_
cf7831a6a75425aa.jpg,powdery_mildew,"0,0,0,1,0,0",1,healthy powdery_mildew
cf9d3fc3e12806b0.jpg,complex powdery_mildew,"1,0,0,1,0,0",5,powdery_mildew
cfae27c0b0c1399e.jpg,frog_eye_leaf_spot scab,"0,1,0,0,0,1",5,complex
cfb5f0a1809b0bba.jpg,frog_eye_leaf_spot scab,"0,1,0,0,0,1",3,scab
cfd836c1f8ed2302.jpg,complex frog_eye_leaf_spot scab,"1,1,0,0,0,1",2,complex scab
cfe7658e80129b87.jpg,scab,"0,0,0,0,0,1",3,healthy
cff02d717850c0b7.jpg,scab,"0,0,0,0,0,1",2,healthy
cffba128d5b590c0.jpg,frog_eye_leaf_spot,"0,1,0,0,0,0",3,complex frog_eye_leaf_spot
d035d965296f6899.jpg,complex,"1,0,0,0,0,0",1,complex frog_eye_leaf_spot
d03c82603f6f739a.jpg,complex,"1,0,0,0,0,0",2,frog_eye_leaf_spot scab
d057c7c0fecf4038.jpg,scab,"0,0,0,0,0,1",4,healthy
d068e6321fad9cc9.jpg,rust,"0,0,0,0,1,0",2,complex rust
d08ec37ee1642376.jpg,complex,"1,0,0,0,0,0",2,scab
d08fc33fe44a57c0.jpg,healthy,"0,0,1,0,0,0",3,scab
d0a4dbd79490e176.jpg,complex,"1,0,0,0,0,0",2,frog_eye_leaf_spot
d0a5970ba92bab96.jpg,complex,"1,0,0,0,0,0",3,complex rust
d0bc1fd438bcb530.jpg,complex,"1,0,0,0,0,0",4,complex frog_eye_leaf_spot scab
d0e05a4eb77921f2.jpg,complex,"1,0,0,0,0,0",5,complex powdery_mildew
d0e1d895ce888cfb.jpg,complex,"1,0,0,0,0,0",4,complex frog_eye_leaf_spot
d0eb67e0ebc2a10e.jpg,frog_eye_leaf_spot scab,"0,1,0,0,0,1",3,frog_eye_leaf_spot
d0f3ae2db872122e.jpg,complex,"1,0,0,0,0,0",2,complex scab
d13e46ad1706b9c9.jpg,complex,"1,0,0,0,0,0",3,_none_
d14a42cf8c3537e9.jpg,complex rust,"1,0,0,0,1,0",4,rust
d16d728f367d2444.jpg,complex rust,"1,0,0,0,1,0",2,rust
d197c19af84bee80.jpg,rust,"0,0,0,0,1,0",1,complex rust
d19c998f74ae2856.jpg,frog_eye_leaf_spot scab,"0,1,0,0,0,1",3,complex
d1c5a92c5e2b6372.jpg,complex,"1,0,0,0,0,0",2,frog_eye_leaf_spot
d1d288f558ad6d86.jpg,frog_eye_leaf_spot rust,"0,1,0,0,1,0",2,rust
d218e10df92ee0f6.jpg,frog_eye_leaf_spot rust,"0,1,0,0,1,0",5,rust
d258959b78e324e3.jpg,powdery_mildew,"0,0,0,1,0,0",3,complex powdery_mildew
d281d27f4f2929c6.jpg,complex rust,"1,0,0,0,1,0",2,complex
d2921f2eeee4ca88.jpg,frog_eye_leaf_spot,"0,1,0,0,0,0",4,complex
d2976612ca7a9f81.jpg,frog_eye_leaf_spot scab,"0,1,0,0,0,1",5,complex frog_eye_leaf_spot scab
d2a9911b12b2cddd.jpg,complex frog_eye_leaf_spot scab,"1,1,0,0,0,1",4,complex frog_eye_leaf_spot
d2bec3716ea20da8.jpg,frog_eye_leaf_spot,"0,1,0,0,0,0",4,complex
d2cf2da85d84705e.jpg,frog_eye_leaf_spot,"0,1,0,0,0,0",1,frog_eye_leaf_spot scab
d2da5a85633a87b1.jpg,complex rust,"1,0,0,0,1,0",1,rust
d2dd998698a7ec60.jpg,scab,"0,0,0,0,0,1",3,healthy
d3786b19309399ab.jpg,rust,"0,0,0,0,1,0",5,_none_
d3b019d9f980bd85.jpg,frog_eye_leaf_spot rust,"0,1,0,0,1,0",3,complex
d3b089e760db2f06.jpg,complex,"1,0,0,0,0,0",2,complex scab
d3b527cb602cdb18.jpg,complex powdery_mildew,"1,0,0,1,0,0",3,powdery_mildew
d3bfc1646610eea8.jpg,complex,"1,0,0,0,0,0",5,rust
d3d111a56bd961a9.jpg,complex,"1,0,0,0,0,0",3,complex frog_eye_leaf_spot
d3e26292d86be46c.jpg,complex powdery_mildew,"1,0,0,1,0,0",4,powdery_mildew
d47293f9e9832592.jpg,complex,"1,0,0,0,0,0",5,complex frog_eye_leaf_spot
d49c30f31fa12f68.jpg,scab,"0,0,0,0,0,1",3,healthy
d4a58da92d69e11e.jpg,scab,"0,0,0,0,0,1",3,_none_
d4ab8b9e10716a6e.jpg,frog_eye_leaf_spot rust,"0,1,0,0,1,0",3,frog_eye_leaf_spot scab
d4c367739964b80e.jpg,frog_eye_leaf_spot scab,"0,1,0,0,0,1",5,complex frog_eye_leaf_spot scab
d4d0f94f560dab09.jpg,frog_eye_leaf_spot scab,"0,1,0,0,0,1",4,frog_eye_leaf_spot
d4d63e2584072b7e.jpg,frog_eye_leaf_spot rust,"0,1,0,0,1,0",2,rust
d4e8c6d7319e1334.jpg,complex rust,"1,0,0,0,1,0",1,rust
d4eb958689fab130.jpg,complex,"1,0,0,0,0,0",3,frog_eye_leaf_spot scab
d4f09ec068de272e.jpg,complex frog_eye_leaf_spot scab,"1,1,0,0,0,1",4,complex
d54a6887653e273c.jpg,healthy,"0,0,1,0,0,0",3,scab
d58631dd20bec536.jpg,frog_eye_leaf_spot scab,"0,1,0,0,0,1",2,complex frog_eye_leaf_spot scab
d586c8248da6ddcb.jpg,complex,"1,0,0,0,0,0",1,rust
d5a2cac29d4a4d6d.jpg,complex,"1,0,0,0,0,0",2,frog_eye_leaf_spot scab
d5b88d4374e75164.jpg,frog_eye_leaf_spot rust,"0,1,0,0,1,0",5,rust
d5cea09688d65db2.jpg,complex,"1,0,0,0,0,0",2,scab
d5ddd4403cb29bc4.jpg,complex,"1,0,0,0,0,0",4,_none_
d66a0b1639ff64c0.jpg,complex rust,"1,0,0,0,1,0",1,complex
d69adb49e94c00bd.jpg,scab,"0,0,0,0,0,1",3,healthy
d69b7380214777c3.jpg,frog_eye_leaf_spot,"0,1,0,0,0,0",3,frog_eye_leaf_spot scab
d6b636d2096d6c2c.jpg,complex,"1,0,0,0,0,0",4,complex scab
d6d2964a3f20b49d.jpg,complex frog_eye_leaf_spot scab,"1,1,0,0,0,1",2,complex frog_eye_leaf_spot
d6e429d43d08d9d3.jpg,frog_eye_leaf_spot scab,"0,1,0,0,0,1",5,scab
d721ca38cb4bc356.jpg,complex,"1,0,0,0,0,0",1,rust
d7978340027aebf1.jpg,frog_eye_leaf_spot scab,"0,1,0,0,0,1",1,scab
d7b2c32299c61f8a.jpg,scab,"0,0,0,0,0,1",1,frog_eye_leaf_spot scab
d7d4424d2f2eb0d2.jpg,frog_eye_leaf_spot scab,"0,1,0,0,0,1",1,complex scab
d7edebd40042c2ab.jpg,scab,"0,0,0,0,0,1",4,_none_
d83b2153d2755cd4.jpg,frog_eye_leaf_spot scab,"0,1,0,0,0,1",3,frog_eye_leaf_spot
d881ff1a9b79b600.jpg,frog_eye_leaf_spot scab,"0,1,0,0,0,1",1,_none_
d88d6c451ed64f4c.jpg,scab,"0,0,0,0,0,1",4,healthy
d8a49ce1bac1749d.jpg,powdery_mildew,"0,0,0,1,0,0",2,healthy powdery_mildew
d8e06ac4bf4f5115.jpg,complex frog_eye_leaf_spot,"1,1,0,0,0,0",2,complex
d8ec2836ddce061b.jpg,frog_eye_leaf_spot,"0,1,0,0,0,0",5,frog_eye_leaf_spot healthy
d8f268a4adceb08e.jpg,complex rust,"1,0,0,0,1,0",4,complex
d8f2878a7c6d30a5.jpg,complex,"1,0,0,0,0,0",2,complex scab
d970b103052af97f.jpg,frog_eye_leaf_spot scab,"0,1,0,0,0,1",3,frog_eye_leaf_spot
d9817f0ef4c8e483.jpg,scab,"0,0,0,0,0,1",3,_none_
d99898db266ba865.jpg,complex rust,"1,0,0,0,1,0",1,rust
d9a98d8a92736347.jpg,frog_eye_leaf_spot scab,"0,1,0,0,0,1",3,complex
da39cde06e077116.jpg,frog_eye_leaf_spot scab,"0,1,0,0,0,1",5,frog_eye_leaf_spot
da611e3fc2c8a18f.jpg,frog_eye_leaf_spot,"0,1,0,0,0,0",4,frog_eye_leaf_spot scab
da69048cdc98ff34.jpg,frog_eye_leaf_spot,"0,1,0,0,0,0",4,rust
da70aac0bd0ff0e4.jpg,rust,"0,0,0,0,1,0",5,complex rust
da81adbc156ec386.jpg,complex,"1,0,0,0,0,0",5,_none_
da9bcaa9a6d088c7.jpg,healthy,"0,0,1,0,0,0",5,scab
dad5d6250cae80b7.jpg,complex,"1,0,0,0,0,0",3,complex powdery_mildew
dad783f2fd226024.jpg,frog_eye_leaf_spot,"0,1,0,0,0,0",2,complex frog_eye_leaf_spot
daf355c268291eca.jpg,complex,"1,0,0,0,0,0",2,complex scab
dafd6890a5c1344f.jpg,frog_eye_leaf_spot,"0,1,0,0,0,0",1,_none_
db2a09a51dd66a9a.jpg,frog_eye_leaf_spot,"0,1,0,0,0,0",4,complex frog_eye_leaf_spot
db82a12cd93694b7.jpg,complex frog_eye_leaf_spot scab,"1,1,0,0,0,1",2,frog_eye_leaf_spot scab
db838bc1d8432be3.jpg,complex,"1,0,0,0,0,0",3,frog_eye_leaf_spot scab
db854799c11dc29d.jpg,scab,"0,0,0,0,0,1",4,frog_eye_leaf_spot
db9bc1fa24111c9d.jpg,complex frog_eye_leaf_spot scab,"1,1,0,0,0,1",3,complex
dba5200f708bdf2c.jpg,complex frog_eye_leaf_spot,"1,1,0,0,0,0",2,complex
dbb623a6b4a6424b.jpg,scab,"0,0,0,0,0,1",3,_none_
dc0535c50eceecca.jpg,complex,"1,0,0,0,0,0",4,complex frog_eye_leaf_spot scab
dc080c7fd461df34.jpg,complex frog_eye_leaf_spot scab,"1,1,0,0,0,1",1,complex
dc2f66d78ea45144.jpg,scab,"0,0,0,0,0,1",2,healthy
dc6984d6ae338399.jpg,complex frog_eye_leaf_spot,"1,1,0,0,0,0",5,frog_eye_leaf_spot
dc6dc43a963262d6.jpg,complex frog_eye_leaf_spot,"1,1,0,0,0,0",5,complex
dc95818fecb86037.jpg,complex frog_eye_leaf_spot scab,"1,1,0,0,0,1",4,frog_eye_leaf_spot scab
dc96cf00f0ef4cd0.jpg,complex frog_eye_leaf_spot scab,"1,1,0,0,0,1",4,complex
dcd07224a692a5ef.jpg,complex frog_eye_leaf_spot scab,"1,1,0,0,0,1",5,frog_eye_leaf_spot scab
dcd4fee92e816052.jpg,frog_eye_leaf_spot rust,"0,1,0,0,1,0",3,rust
dcd82b44eccdd350.jpg,complex powdery_mildew,"1,0,0,1,0,0",1,powdery_mildew
dcff3a34f43a0061.jpg,scab,"0,0,0,0,0,1",5,_none_
dd093d1eeb36a504.jpg,rust,"0,0,0,0,1,0",2,complex scab
dd49395b9489663c.jpg,frog_eye_leaf_spot scab,"0,1,0,0,0,1",2,_none_
ddb839dd4d25108b.jpg,complex,"1,0,0,0,0,0",5,frog_eye_leaf_spot
ddf2d2e189041fe4.jpg,frog_eye_leaf_spot scab,"0,1,0,0,0,1",4,scab
de13663b6c92fe00.jpg,frog_eye_leaf_spot scab,"0,1,0,0,0,1",5,scab
de1cda2ec91ca41e.jpg,complex,"1,0,0,0,0,0",2,complex frog_eye_leaf_spot scab
de27e42a4465a67c.jpg,rust,"0,0,0,0,1,0",2,_none_
de288798942d29fe.jpg,complex frog_eye_leaf_spot scab,"1,1,0,0,0,1",1,complex
de30c5c99e0aeca9.jpg,frog_eye_leaf_spot scab,"0,1,0,0,0,1",4,complex frog_eye_leaf_spot
de44a69ccda07a35.jpg,complex powdery_mildew,"1,0,0,1,0,0",3,powdery_mildew
de4ac22bb072c2dd.jpg,frog_eye_leaf_spot scab,"0,1,0,0,0,1",2,complex
de8340a473de78e4.jpg,complex,"1,0,0,0,0,0",1,complex frog_eye_leaf_spot
de96253c36da40c7.jpg,complex,"1,0,0,0,0,0",2,complex frog_eye_leaf_spot scab
dea1a45cb1277266.jpg,complex,"1,0,0,0,0,0",2,_none_
ded0a0c1e3b2fd03.jpg,complex,"1,0,0,0,0,0",5,frog_eye_leaf_spot scab
deece3b039686245.jpg,complex,"1,0,0,0,0,0",2,complex scab
df0be427301a4ea7.jpg,scab,"0,0,0,0,0,1",1,_none_
df25c4c2dd9d31c0.jpg,complex frog_eye_leaf_spot scab,"1,1,0,0,0,1",4,complex
df3b8800e2f892fa.jpg,complex,"1,0,0,0,0,0",1,complex frog_eye_leaf_spot scab
df7492c2c4333387.jpg,healthy,"0,0,1,0,0,0",5,scab
df979e8ac8e02562.jpg,frog_eye_leaf_spot scab,"0,1,0,0,0,1",3,complex scab
dfc260433c1774b6.jpg,frog_eye_leaf_spot scab,"0,1,0,0,0,1",2,scab
dfc716b89150eb0a.jpg,complex,"1,0,0,0,0,0",4,complex scab
dfc883689f01cf31.jpg,complex frog_eye_leaf_spot,"1,1,0,0,0,0",4,frog_eye_leaf_spot scab
dfe0798519d51316.jpg,complex,"1,0,0,0,0,0",2,scab
dfe270e2c044a6d7.jpg,rust,"0,0,0,0,1,0",5,complex rust
dffb6340c0b1a0b5.jpg,complex,"1,0,0,0,0,0",4,scab
e01ae16d4a759cb5.jpg,rust,"0,0,0,0,1,0",2,complex rust
e02b8835e5654777.jpg,complex powdery_mildew,"1,0,0,1,0,0",3,powdery_mildew
e034d6f038ba395b.jpg,complex rust,"1,0,0,0,1,0",3,rust
e068953ecb74c535.jpg,complex,"1,0,0,0,0,0",1,complex frog_eye_leaf_spot
e07099e1d9cd6d98.jpg,frog_eye_leaf_spot scab,"0,1,0,0,0,1",2,complex
e07c07e1e251d4f9.jpg,complex frog_eye_leaf_spot scab,"1,1,0,0,0,1",5,frog_eye_leaf_spot scab
e090d7d6cb1829f9.jpg,frog_eye_leaf_spot,"0,1,0,0,0,0",3,complex
e094d0110ff5bef2.jpg,complex,"1,0,0,0,0,0",1,complex scab
e094f4191f3f097a.jpg,frog_eye_leaf_spot,"0,1,0,0,0,0",4,frog_eye_leaf_spot scab
e09f855a8778b8f0.jpg,complex frog_eye_leaf_spot scab,"1,1,0,0,0,1",1,complex scab
e0a1f05e2ea13c5f.jpg,complex frog_eye_leaf_spot,"1,1,0,0,0,0",5,frog_eye_leaf_spot
e0b628c23fb83579.jpg,frog_eye_leaf_spot rust,"0,1,0,0,1,0",4,complex
e0bf978b4ac56825.jpg,powdery_mildew,"0,0,0,1,0,0",4,healthy
e0cfd414d9326337.jpg,complex,"1,0,0,0,0,0",3,frog_eye_leaf_spot
e0d1bf3eca374070.jpg,frog_eye_leaf_spot,"0,1,0,0,0,0",2,complex frog_eye_leaf_spot
e18c947f337964a1.jpg,complex frog_eye_leaf_spot,"1,1,0,0,0,0",5,complex
e18d1efec58c6d04.jpg,scab,"0,0,0,0,0,1",4,healthy
e19be90c921d4fe1.jpg,frog_eye_leaf_spot scab,"0,1,0,0,0,1",3,complex frog_eye_leaf_spot scab
e1a4ce9cde918761.jpg,frog_eye_leaf_spot rust,"0,1,0,0,1,0",5,complex
e1aa251ab179a7c9.jpg,frog_eye_leaf_spot rust,"0,1,0,0,1,0",1,complex frog_eye_leaf_spot
e1b9c199938dd1c6.jpg,complex rust,"1,0,0,0,1,0",1,rust
e1c14afb0b45b764.jpg,frog_eye_leaf_spot,"0,1,0,0,0,0",3,frog_eye_leaf_spot scab
e1d230be40292dff.jpg,scab,"0,0,0,0,0,1",1,complex
e1dee4124f2155b3.jpg,complex,"1,0,0,0,0,0",3,complex frog_eye_leaf_spot
e1e21c0c2f0f5f1b.jpg,frog_eye_leaf_spot,"0,1,0,0,0,0",5,scab
e1ed8bb0fc93049c.jpg,complex frog_eye_leaf_spot scab,"1,1,0,0,0,1",2,complex frog_eye_leaf_spot
e1f31f9e68192155.jpg,frog_eye_leaf_spot scab,"0,1,0,0,0,1",5,complex
e26867cf9c5c98b0.jpg,complex,"1,0,0,0,0,0",2,complex frog_eye_leaf_spot
e26d9782451b743b.jpg,complex,"1,0,0,0,0,0",1,frog_eye_leaf_spot scab
e274d3425a0b9f39.jpg,frog_eye_leaf_spot scab,"0,1,0,0,0,1",5,_none_
e2d6da84d93a632a.jpg,frog_eye_leaf_spot,"0,1,0,0,0,0",1,frog_eye_leaf_spot scab
e2e241d5f3eb081e.jpg,scab,"0,0,0,0,0,1",3,healthy
e2f523e3c5eb4a40.jpg,frog_eye_leaf_spot scab,"0,1,0,0,0,1",4,frog_eye_leaf_spot
e3119307928fb375.jpg,complex,"1,0,0,0,0,0",2,_none_
e36d1c8c77b90133.jpg,frog_eye_leaf_spot scab,"0,1,0,0,0,1",2,complex frog_eye_leaf_spot
e3829557e1612faa.jpg,frog_eye_leaf_spot scab,"0,1,0,0,0,1",4,complex scab
e3c38738313379e4.jpg,complex frog_eye_leaf_spot,"1,1,0,0,0,0",2,scab
e3e065e07a996d0e.jpg,complex rust,"1,0,0,0,1,0",2,complex
e3e28ac011bd372f.jpg,healthy,"0,0,1,0,0,0",2,frog_eye_leaf_spot
e47f2080fa283eb7.jpg,rust,"0,0,0,0,1,0",3,complex rust
e48bc121c7d3ba8d.jpg,complex frog_eye_leaf_spot,"1,1,0,0,0,0",4,frog_eye_leaf_spot
e48da98dec645e52.jpg,complex,"1,0,0,0,0,0",2,scab
e4b03f4f1d45d612.jpg,complex frog_eye_leaf_spot,"1,1,0,0,0,0",2,complex
e4c8e72cc73596a4.jpg,complex,"1,0,0,0,0,0",5,rust
e4c956562e34e1cb.jpg,frog_eye_leaf_spot scab,"0,1,0,0,0,1",4,scab
e4ca9593aa4deb09.jpg,complex rust,"1,0,0,0,1,0",3,complex
e4d6c63746ca24cb.jpg,complex,"1,0,0,0,0,0",5,complex scab
e4e862cac37e2738.jpg,frog_eye_leaf_spot,"0,1,0,0,0,0",4,complex rust
e4fea416c274fc60.jpg,rust,"0,0,0,0,1,0",3,complex
e517c4d0c7e1d4c9.jpg,complex,"1,0,0,0,0,0",3,_none_
e519b5c24a2bbc72.jpg,frog_eye_leaf_spot scab,"0,1,0,0,0,1",3,complex
e52761df18667254.jpg,frog_eye_leaf_spot scab,"0,1,0,0,0,1",4,frog_eye_leaf_spot
e52785f3cd1d3860.jpg,frog_eye_leaf_spot scab,"0,1,0,0,0,1",4,complex
e529adb8c61cca5c.jpg,complex,"1,0,0,0,0,0",4,rust
e52aca58c89f35c5.jpg,rust,"0,0,0,0,1,0",4,complex rust
e53116d682ca24ff.jpg,frog_eye_leaf_spot scab,"0,1,0,0,0,1",5,complex
e54592581a657bae.jpg,powdery_mildew,"0,0,0,1,0,0",4,healthy powdery_mildew
e556d2349fbaa288.jpg,complex frog_eye_leaf_spot scab,"1,1,0,0,0,1",2,complex
e585859a1fbc50e5.jpg,complex frog_eye_leaf_spot scab,"1,1,0,0,0,1",3,complex scab
e596971939256726.jpg,frog_eye_leaf_spot,"0,1,0,0,0,0",1,frog_eye_leaf_spot scab
e59797c24276026f.jpg,complex rust,"1,0,0,0,1,0",5,rust
e5a21a9ad2d3dac2.jpg,frog_eye_leaf_spot,"0,1,0,0,0,0",5,complex
e5a2d2cb351d3664.jpg,frog_eye_leaf_spot scab,"0,1,0,0,0,1",1,complex
e5aeaec4ad0eba10.jpg,complex,"1,0,0,0,0,0",4,complex rust
e5b4cb7a2c325383.jpg,frog_eye_leaf_spot scab,"0,1,0,0,0,1",1,complex frog_eye_leaf_spot
e5b8749dc4269876.jpg,complex frog_eye_leaf_spot,"1,1,0,0,0,0",4,complex
e5d7c5b28d232926.jpg,frog_eye_leaf_spot scab,"0,1,0,0,0,1",1,complex frog_eye_leaf_spot scab
e5e1e1814e7f081f.jpg,complex,"1,0,0,0,0,0",4,frog_eye_leaf_spot
e5e585eac5859496.jpg,complex frog_eye_leaf_spot,"1,1,0,0,0,0",1,complex
e5e895c7504239e7.jpg,complex,"1,0,0,0,0,0",2,rust
e5efc6352d160689.jpg,scab,"0,0,0,0,0,1",4,healthy
e61384f3f8c3496c.jpg,complex,"1,0,0,0,0,0",1,complex frog_eye_leaf_spot scab
e6329790d9473927.jpg,complex,"1,0,0,0,0,0",2,complex frog_eye_leaf_spot
e64bc7a2cc936c8c.jpg,complex,"1,0,0,0,0,0",5,frog_eye_leaf_spot
e65895a55ae12a75.jpg,complex,"1,0,0,0,0,0",5,frog_eye_leaf_spot
e668d51407be67c2.jpg,healthy,"0,0,1,0,0,0",2,scab
e6e0c9ce668692cb.jpg,scab,"0,0,0,0,0,1",2,powdery_mildew
e6e4a7e6965850d1.jpg,frog_eye_leaf_spot,"0,1,0,0,0,0",1,complex frog_eye_leaf_spot
e6ec82e83f3238d1.jpg,powdery_mildew,"0,0,0,1,0,0",3,healthy
e72bc2978bc59294.jpg,complex frog_eye_leaf_spot scab,"1,1,0,0,0,1",4,frog_eye_leaf_spot scab
e78cb04f00477f9c.jpg,rust,"0,0,0,0,1,0",5,complex rust
e7a782e08b0f1f54.jpg,complex,"1,0,0,0,0,0",1,complex scab
e7a9d84a19ed5c11.jpg,scab,"0,0,0,0,0,1",1,frog_eye_leaf_spot scab
e7dbd265ca248e90.jpg,rust,"0,0,0,0,1,0",1,frog_eye_leaf_spot rust
e7ff131ef6e08020.jpg,scab,"0,0,0,0,0,1",3,frog_eye_leaf_spot scab
e83507dd6015e91f.jpg,complex frog_eye_leaf_spot scab,"1,1,0,0,0,1",5,complex
e83b9583d8f4d2d0.jpg,frog_eye_leaf_spot scab,"0,1,0,0,0,1",5,complex
e849977f48c31d89.jpg,complex,"1,0,0,0,0,0",5,complex powdery_mildew
e850cf117da33c8d.jpg,healthy,"0,0,1,0,0,0",4,healthy powdery_mildew
e8838d79d456529e.jpg,rust,"0,0,0,0,1,0",5,frog_eye_leaf_spot
e88a9a3de8511d9b.jpg,complex frog_eye_leaf_spot scab,"1,1,0,0,0,1",4,complex
e88abb9f98d552c0.jpg,scab,"0,0,0,0,0,1",3,complex
e88cccacdc702a7e.jpg,complex frog_eye_leaf_spot scab,"1,1,0,0,0,1",3,complex
e89e1c660f9a849f.jpg,healthy,"0,0,1,0,0,0",3,rust
e89f82785f091de1.jpg,complex,"1,0,0,0,0,0",4,complex rust
e8b095a93a1d33ce.jpg,frog_eye_leaf_spot scab,"0,1,0,0,0,1",2,complex
e8b8a49085dd7ed8.jpg,frog_eye_leaf_spot rust,"0,1,0,0,1,0",4,complex frog_eye_leaf_spot scab
e8b8f8f58983c545.jpg,complex frog_eye_leaf_spot,"1,1,0,0,0,0",1,complex
e8c1b0cacbfc0fd0.jpg,scab,"0,0,0,0,0,1",1,complex scab
e8d585604a874edf.jpg,frog_eye_leaf_spot scab,"0,1,0,0,0,1",1,complex frog_eye_leaf_spot scab
e8e495d0d28fa8e9.jpg,complex,"1,0,0,0,0,0",1,complex frog_eye_leaf_spot scab
e8e4dc2e122273f6.jpg,frog_eye_leaf_spot rust,"0,1,0,0,1,0",1,rust
e8ffc10087702e3f.jpg,frog_eye_leaf_spot scab,"0,1,0,0,0,1",3,complex
e90da17f9565826a.jpg,frog_eye_leaf_spot scab,"0,1,0,0,0,1",3,complex frog_eye_leaf_spot scab
e924dd52942f9e4c.jpg,complex,"1,0,0,0,0,0",1,rust
e92a902d573e4aba.jpg,complex frog_eye_leaf_spot scab,"1,1,0,0,0,1",4,complex
e94b7bd25a9968a0.jpg,powdery_mildew,"0,0,0,1,0,0",1,complex powdery_mildew
e94b8b3d070a1dad.jpg,scab,"0,0,0,0,0,1",4,healthy
e96085be3e916596.jpg,complex,"1,0,0,0,0,0",3,powdery_mildew
e969c081c53d8fdc.jpg,complex powdery_mildew,"1,0,0,1,0,0",1,complex
e984c49aef3d54a1.jpg,complex,"1,0,0,0,0,0",5,frog_eye_leaf_spot scab
e98ac0c22bc33d7e.jpg,frog_eye_leaf_spot scab,"0,1,0,0,0,1",3,complex frog_eye_leaf_spot
e990963b0ee32ce5.jpg,complex frog_eye_leaf_spot scab,"1,1,0,0,0,1",2,complex
e9964292bd756a25.jpg,complex,"1,0,0,0,0,0",1,complex frog_eye_leaf_spot scab
e9a7dac94db42298.jpg,complex frog_eye_leaf_spot,"1,1,0,0,0,0",1,complex
e9adcb719ad23248.jpg,frog_eye_leaf_spot scab,"0,1,0,0,0,1",2,complex
e9c8721a362af738.jpg,frog_eye_leaf_spot,"0,1,0,0,0,0",3,complex frog_eye_leaf_spot
e9d34f92633706a1.jpg,frog_eye_leaf_spot scab,"0,1,0,0,0,1",1,complex
e9dac297cf381071.jpg,complex frog_eye_leaf_spot scab,"1,1,0,0,0,1",4,frog_eye_leaf_spot scab
e9dad6c5295f00b4.jpg,complex,"1,0,0,0,0,0",2,complex frog_eye_leaf_spot
e9e0c0c70f64fd38.jpg,frog_eye_leaf_spot,"0,1,0,0,0,0",5,complex frog_eye_leaf_spot
e9e907c9ca62da62.jpg,frog_eye_leaf_spot scab,"0,1,0,0,0,1",1,complex frog_eye_leaf_spot
e9e9c53e84652bc2.jpg,complex frog_eye_leaf_spot,"1,1,0,0,0,0",3,frog_eye_leaf_spot scab
ea21879f1c7095cb.jpg,complex frog_eye_leaf_spot scab,"1,1,0,0,0,1",1,complex scab
ea31e0d14a13ee9d.jpg,complex frog_eye_leaf_spot scab,"1,1,0,0,0,1",4,frog_eye_leaf_spot scab
ea41c7be9e541cd0.jpg,frog_eye_leaf_spot,"0,1,0,0,0,0",1,complex frog_eye_leaf_spot
ea55a437dda1d620.jpg,scab,"0,0,0,0,0,1",2,complex
ea57873aa65304d3.jpg,frog_eye_leaf_spot scab,"0,1,0,0,0,1",3,scab
ea675274ca82ac9b.jpg,healthy,"0,0,1,0,0,0",4,healthy rust
ea70e75d93a89245.jpg,rust,"0,0,0,0,1,0",3,_none_
ea89b58fc3168e8a.jpg,complex frog_eye_leaf_spot,"1,1,0,0,0,0",3,complex frog_eye_leaf_spot scab
ea9dcf3108cf390a.jpg,frog_eye_leaf_spot scab,"0,1,0,0,0,1",1,complex
eaa5c70a97f4a42a.jpg,rust,"0,0,0,0,1,0",1,complex rust
eaa7c001157ffa0e.jpg,complex,"1,0,0,0,0,0",1,frog_eye_leaf_spot scab
eab395172e3c68e0.jpg,complex frog_eye_leaf_spot scab,"1,1,0,0,0,1",3,complex
eaba85110f585fc5.jpg,frog_eye_leaf_spot rust,"0,1,0,0,1,0",5,_none_
eac597c4c16ee911.jpg,frog_eye_leaf_spot rust,"0,1,0,0,1,0",5,complex rust
eac5c0d28b8a7ada.jpg,complex,"1,0,0,0,0,0",3,frog_eye_leaf_spot scab
eacac1dcd58919b8.jpg,frog_eye_leaf_spot scab,"0,1,0,0,0,1",3,complex frog_eye_leaf_spot
eacad448c8227db7.jpg,complex frog_eye_leaf_spot,"1,1,0,0,0,0",5,frog_eye_leaf_spot
ead085dfac287263.jpg,frog_eye_leaf_spot,"0,1,0,0,0,0",2,scab
eaeb5c9dd41862a8.jpg,frog_eye_leaf_spot,"0,1,0,0,0,0",1,complex frog_eye_leaf_spot
eaef9794aada0015.jpg,complex rust,"1,0,0,0,1,0",5,complex
eaf287d7d4381a28.jpg,complex frog_eye_leaf_spot scab,"1,1,0,0,0,1",2,complex
eb0f9f8e106260b7.jpg,complex,"1,0,0,0,0,0",5,complex frog_eye_leaf_spot
eb2999cab4d74503.jpg,frog_eye_leaf_spot scab,"0,1,0,0,0,1",5,complex frog_eye_leaf_spot scab
eb42e89485cf9e0e.jpg,complex frog_eye_leaf_spot,"1,1,0,0,0,0",5,complex frog_eye_leaf_spot scab
ebce3ff4a414e210.jpg,scab,"0,0,0,0,0,1",2,complex scab
ebe1702a1cfca2ca.jpg,frog_eye_leaf_spot scab,"0,1,0,0,0,1",4,complex frog_eye_leaf_spot scab
ebe6e03a7470d055.jpg,frog_eye_leaf_spot scab,"0,1,0,0,0,1",5,complex frog_eye_leaf_spot scab
ebf463c1d8f82c28.jpg,frog_eye_leaf_spot scab,"0,1,0,0,0,1",5,complex
ec4e83201ffb6896.jpg,frog_eye_leaf_spot scab,"0,1,0,0,0,1",3,complex frog_eye_leaf_spot
ec60fc9fc1c11bc1.jpg,complex frog_eye_leaf_spot scab,"1,1,0,0,0,1",1,complex
ec6bd8141cbb22ce.jpg,complex frog_eye_leaf_spot scab,"1,1,0,0,0,1",4,frog_eye_leaf_spot scab
ec81c59d54f0ed68.jpg,complex,"1,0,0,0,0,0",2,complex frog_eye_leaf_spot
ec86b5d8c968c98d.jpg,complex,"1,0,0,0,0,0",2,scab
ec94b6cfcf6d0060.jpg,complex frog_eye_leaf_spot scab,"1,1,0,0,0,1",1,complex
ec9d8ec33374348c.jpg,complex frog_eye_leaf_spot scab,"1,1,0,0,0,1",3,complex scab
eca213dbcb84a794.jpg,complex frog_eye_leaf_spot,"1,1,0,0,0,0",3,complex frog_eye_leaf_spot scab
ecdd8c9a3d713224.jpg,complex,"1,0,0,0,0,0",4,_none_
ecdec4309c61fc07.jpg,scab,"0,0,0,0,0,1",1,frog_eye_leaf_spot
ece68eb9709b2382.jpg,complex,"1,0,0,0,0,0",1,complex frog_eye_leaf_spot
ecf5add014421ec7.jpg,frog_eye_leaf_spot scab,"0,1,0,0,0,1",3,complex
ed047a7a2ff4f100.jpg,frog_eye_leaf_spot scab,"0,1,0,0,0,1",3,frog_eye_leaf_spot
ed289827d57592f0.jpg,frog_eye_leaf_spot scab,"0,1,0,0,0,1",1,complex
ed35c7d0c98a2b1c.jpg,frog_eye_leaf_spot rust,"0,1,0,0,1,0",4,complex
ed62c2cad9ea7860.jpg,frog_eye_leaf_spot scab,"0,1,0,0,0,1",3,complex
ed66c6b6e4d33005.jpg,complex frog_eye_leaf_spot scab,"1,1,0,0,0,1",2,frog_eye_leaf_spot scab
ed84c16f696ba292.jpg,complex,"1,0,0,0,0,0",2,_none_
ed993d2a7418a3c3.jpg,complex powdery_mildew,"1,0,0,1,0,0",3,complex
eda3c29758f1a24a.jpg,frog_eye_leaf_spot rust,"0,1,0,0,1,0",2,rust
edcad6195a7860a6.jpg,complex,"1,0,0,0,0,0",2,rust
edd481af59133a92.jpg,frog_eye_leaf_spot rust,"0,1,0,0,1,0",3,rust
edd8cfc45e503252.jpg,frog_eye_leaf_spot,"0,1,0,0,0,0",3,frog_eye_leaf_spot rust
ede142c2878d8db9.jpg,complex frog_eye_leaf_spot scab,"1,1,0,0,0,1",5,complex scab
ede9cac2222b23b5.jpg,complex frog_eye_leaf_spot,"1,1,0,0,0,0",3,frog_eye_leaf_spot
ee1d74cb1d70a650.jpg,rust,"0,0,0,0,1,0",1,_none_
ee857545795e18e0.jpg,scab,"0,0,0,0,0,1",5,healthy
eeb7164318eea324.jpg,complex,"1,0,0,0,0,0",1,scab
eed95ad30171b321.jpg,healthy,"0,0,1,0,0,0",5,complex rust
eee49485c857247e.jpg,scab,"0,0,0,0,0,1",5,frog_eye_leaf_spot scab
ef0275948cb82aed.jpg,complex powdery_mildew,"1,0,0,1,0,0",5,powdery_mildew
ef038675ee280ce9.jpg,powdery_mildew,"0,0,0,1,0,0",4,complex powdery_mildew
ef30e1849fd6c48c.jpg,frog_eye_leaf_spot scab,"0,1,0,0,0,1",4,scab
ef35cbe540cc07a1.jpg,complex frog_eye_leaf_spot scab,"1,1,0,0,0,1",5,frog_eye_leaf_spot scab
ef55bacde9c04580.jpg,complex,"1,0,0,0,0,0",3,frog_eye_leaf_spot
ef5ca3afd4c74080.jpg,rust,"0,0,0,0,1,0",3,frog_eye_leaf_spot rust
ef63844b2ccf1926.jpg,complex,"1,0,0,0,0,0",1,_none_
ef6890d5c0028fdf.jpg,rust,"0,0,0,0,1,0",2,complex rust
ef6bd231c24842dd.jpg,complex,"1,0,0,0,0,0",1,complex frog_eye_leaf_spot
efa0cf68486aca66.jpg,frog_eye_leaf_spot scab,"0,1,0,0,0,1",4,complex
efc074d79efd0020.jpg,complex,"1,0,0,0,0,0",2,complex scab
f01f90810fe1fdac.jpg,complex,"1,0,0,0,0,0",1,scab
f0238f860f9efc18.jpg,complex,"1,0,0,0,0,0",5,frog_eye_leaf_spot
f02883d609affb8a.jpg,scab,"0,0,0,0,0,1",5,frog_eye_leaf_spot
f0319011fbd78c9e.jpg,complex rust,"1,0,0,0,1,0",1,rust
f0339336244efcc5.jpg,complex,"1,0,0,0,0,0",5,_none_
f04d6762eca8459e.jpg,frog_eye_leaf_spot,"0,1,0,0,0,0",1,complex frog_eye_leaf_spot
f05a9a745b4d4875.jpg,frog_eye_leaf_spot rust,"0,1,0,0,1,0",3,rust
f05c4760b6b7944b.jpg,frog_eye_leaf_spot,"0,1,0,0,0,0",1,complex
f069b623fd932c82.jpg,frog_eye_leaf_spot rust,"0,1,0,0,1,0",5,complex frog_eye_leaf_spot
f06bc12e7e809c8f.jpg,frog_eye_leaf_spot scab,"0,1,0,0,0,1",5,frog_eye_leaf_spot
f07ac7cd1ae0e183.jpg,frog_eye_leaf_spot scab,"0,1,0,0,0,1",5,complex frog_eye_leaf_spot
f08087bc8fa18ff8.jpg,complex frog_eye_leaf_spot,"1,1,0,0,0,0",3,frog_eye_leaf_spot
f09a9f50e82e6b25.jpg,complex frog_eye_leaf_spot scab,"1,1,0,0,0,1",2,frog_eye_leaf_spot scab
f09cca87d9e81556.jpg,scab,"0,0,0,0,0,1",1,_none_
f09e16cde96b2582.jpg,frog_eye_leaf_spot scab,"0,1,0,0,0,1",2,complex scab
f0a6cfda4bcc1384.jpg,complex,"1,0,0,0,0,0",5,_none_
f0acc1c8e903e0ff.jpg,frog_eye_leaf_spot scab,"0,1,0,0,0,1",4,frog_eye_leaf_spot
f0b09ac1f8cf45c5.jpg,complex frog_eye_leaf_spot,"1,1,0,0,0,0",4,frog_eye_leaf_spot
f0b6b692caa0f11e.jpg,rust,"0,0,0,0,1,0",2,_none_
f0bfc210c2f3acd1.jpg,complex,"1,0,0,0,0,0",3,_none_
f0c4859dd41adb9a.jpg,rust,"0,0,0,0,1,0",3,complex rust
f0c4c91ec5a4b43f.jpg,healthy,"0,0,1,0,0,0",3,_none_
f0c68bc61d812bfc.jpg,powdery_mildew,"0,0,0,1,0,0",4,frog_eye_leaf_spot
f0c846bde7b8a40e.jpg,frog_eye_leaf_spot,"0,1,0,0,0,0",4,complex frog_eye_leaf_spot
f0eb97c70a9e8988.jpg,frog_eye_leaf_spot scab,"0,1,0,0,0,1",2,complex
f0f0f4596caa9cd0.jpg,frog_eye_leaf_spot rust,"0,1,0,0,1,0",1,rust
f10f8cb24c99c3d9.jpg,frog_eye_leaf_spot scab,"0,1,0,0,0,1",2,complex
f137c8269fa812ea.jpg,complex powdery_mildew,"1,0,0,1,0,0",4,complex
f14192bc51e266fc.jpg,complex frog_eye_leaf_spot scab,"1,1,0,0,0,1",4,frog_eye_leaf_spot scab
f164d3ab4dd57440.jpg,frog_eye_leaf_spot scab,"0,1,0,0,0,1",1,complex frog_eye_leaf_spot scab
f16e979a36164a61.jpg,frog_eye_leaf_spot,"0,1,0,0,0,0",1,complex frog_eye_leaf_spot
f1810e0dd997ef12.jpg,complex frog_eye_leaf_spot scab,"1,1,0,0,0,1",5,complex scab
f191bc66cd8f8a82.jpg,frog_eye_leaf_spot,"0,1,0,0,0,0",3,_none_
f1b0fc889a37a634.jpg,frog_eye_leaf_spot rust,"0,1,0,0,1,0",4,rust
f1d280259a4d73bd.jpg,complex,"1,0,0,0,0,0",4,complex frog_eye_leaf_spot
f1d662b85a2dac43.jpg,complex,"1,0,0,0,0,0",5,scab
f1fef07ad500814b.jpg,complex frog_eye_leaf_spot scab,"1,1,0,0,0,1",5,complex
f224c3f95f615c21.jpg,scab,"0,0,0,0,0,1",1,frog_eye_leaf_spot scab
f22d06f28d6b9a45.jpg,complex,"1,0,0,0,0,0",2,complex frog_eye_leaf_spot
f230939f0d78bc25.jpg,complex,"1,0,0,0,0,0",1,complex frog_eye_leaf_spot
f23982695aed13ac.jpg,complex frog_eye_leaf_spot scab,"1,1,0,0,0,1",5,frog_eye_leaf_spot scab
f26479778964a926.jpg,complex,"1,0,0,0,0,0",4,complex rust
f26cd50a8458c7f5.jpg,frog_eye_leaf_spot scab,"0,1,0,0,0,1",5,complex frog_eye_leaf_spot scab
f290d644cd17fe30.jpg,frog_eye_leaf_spot,"0,1,0,0,0,0",4,frog_eye_leaf_spot scab
f2ac8c0f4ea805fb.jpg,frog_eye_leaf_spot scab,"0,1,0,0,0,1",5,frog_eye_leaf_spot
f2b04abc9e4a9d52.jpg,complex frog_eye_leaf_spot scab,"1,1,0,0,0,1",4,complex frog_eye_leaf_spot
f2b0ccdccbac6807.jpg,complex rust,"1,0,0,0,1,0",3,complex
f2b3869933c3e126.jpg,powdery_mildew,"0,0,0,1,0,0",3,complex powdery_mildew
f2b69a1b49cc4d94.jpg,frog_eye_leaf_spot,"0,1,0,0,0,0",1,_none_
f2c0bf2b7f09b201.jpg,complex rust,"1,0,0,0,1,0",5,complex
f2c8c94c2d313ee3.jpg,scab,"0,0,0,0,0,1",1,_none_
f2dc41a1fccb6486.jpg,frog_eye_leaf_spot scab,"0,1,0,0,0,1",1,complex frog_eye_leaf_spot
f2e189383133a6ee.jpg,complex frog_eye_leaf_spot scab,"1,1,0,0,0,1",4,frog_eye_leaf_spot scab
f2e2c598b64819fa.jpg,healthy,"0,0,1,0,0,0",1,scab
f310039e54bbc1f5.jpg,complex,"1,0,0,0,0,0",2,complex frog_eye_leaf_spot
f35b81fa9ca67204.jpg,rust,"0,0,0,0,1,0",2,complex
f38cf20fc4e419d4.jpg,complex frog_eye_leaf_spot scab,"1,1,0,0,0,1",5,complex frog_eye_leaf_spot
f3e5a0ac6d132c1b.jpg,complex,"1,0,0,0,0,0",1,rust
f41787a50fe27630.jpg,complex,"1,0,0,0,0,0",1,complex frog_eye_leaf_spot scab
f449e2319ce711da.jpg,frog_eye_leaf_spot rust,"0,1,0,0,1,0",2,complex
f47992972d24f868.jpg,complex frog_eye_leaf_spot,"1,1,0,0,0,0",2,complex
f481fb460db98cc9.jpg,complex,"1,0,0,0,0,0",2,frog_eye_leaf_spot scab
f482d6de85e14a1d.jpg,complex frog_eye_leaf_spot,"1,1,0,0,0,0",1,complex
f48bc61f62444f4d.jpg,complex frog_eye_leaf_spot,"1,1,0,0,0,0",1,complex
f492c465e8649b37.jpg,scab,"0,0,0,0,0,1",1,complex scab
f4a0a29727e8172f.jpg,complex,"1,0,0,0,0,0",5,complex scab
f4a1439d1e3071b7.jpg,complex frog_eye_leaf_spot,"1,1,0,0,0,0",5,complex
f4b1cc948f8a06eb.jpg,complex frog_eye_leaf_spot scab,"1,1,0,0,0,1",1,complex frog_eye_leaf_spot
f4b99bd1592c2564.jpg,complex,"1,0,0,0,0,0",2,complex frog_eye_leaf_spot
f4c092bec9b4cd38.jpg,complex frog_eye_leaf_spot scab,"1,1,0,0,0,1",2,complex frog_eye_leaf_spot
f4c09f4ad3311be4.jpg,complex frog_eye_leaf_spot,"1,1,0,0,0,0",4,complex
f4c1c1991c683b6f.jpg,frog_eye_leaf_spot scab,"0,1,0,0,0,1",2,_none_
f4c68be071a3568d.jpg,complex frog_eye_leaf_spot,"1,1,0,0,0,0",1,complex
f4cf9f10696b052c.jpg,healthy,"0,0,1,0,0,0",1,_none_
f4d0f030871b5e3e.jpg,complex,"1,0,0,0,0,0",3,frog_eye_leaf_spot
f4dd686003f29bb2.jpg,frog_eye_leaf_spot scab,"0,1,0,0,0,1",4,complex frog_eye_leaf_spot scab
f4edc1811f78b826.jpg,complex,"1,0,0,0,0,0",4,frog_eye_leaf_spot scab
f50ac4a0e9777b14.jpg,complex,"1,0,0,0,0,0",5,scab
f5139361351a6b99.jpg,complex powdery_mildew,"1,0,0,1,0,0",2,powdery_mildew
f54695063fb0b5a8.jpg,scab,"0,0,0,0,0,1",1,_none_
f565cac1209b3b93.jpg,complex,"1,0,0,0,0,0",5,complex frog_eye_leaf_spot scab
f57c924a9ac52995.jpg,complex,"1,0,0,0,0,0",3,_none_
f592d2c0d8c4e4ee.jpg,complex frog_eye_leaf_spot scab,"1,1,0,0,0,1",1,complex
f59f8628927d9a05.jpg,complex frog_eye_leaf_spot,"1,1,0,0,0,0",4,complex
f5ab17d41803863f.jpg,scab,"0,0,0,0,0,1",4,frog_eye_leaf_spot scab
f5ac98eaa9a5601b.jpg,scab,"0,0,0,0,0,1",2,frog_eye_leaf_spot scab
f5b51c5d6823238b.jpg,complex,"1,0,0,0,0,0",4,complex frog_eye_leaf_spot scab
f5b5db2bc9700852.jpg,complex frog_eye_leaf_spot scab,"1,1,0,0,0,1",4,frog_eye_leaf_spot scab
f5bbe1989b3901c4.jpg,complex,"1,0,0,0,0,0",1,scab
f5cbd285dd1a1e10.jpg,complex frog_eye_leaf_spot scab,"1,1,0,0,0,1",5,complex scab
f5d3a38b4ba53118.jpg,complex frog_eye_leaf_spot,"1,1,0,0,0,0",2,frog_eye_leaf_spot scab
f5dce6c5948c9c84.jpg,frog_eye_leaf_spot scab,"0,1,0,0,0,1",3,complex
f5e5c44fd6964a40.jpg,complex,"1,0,0,0,0,0",4,_none_
f5f0e18e3828487f.jpg,complex frog_eye_leaf_spot,"1,1,0,0,0,0",1,complex
f5f5d5158a1a02f2.jpg,complex,"1,0,0,0,0,0",3,complex rust
f61cc3524ed6bc0c.jpg,frog_eye_leaf_spot scab,"0,1,0,0,0,1",1,complex
f6495ca4ae5241bd.jpg,rust,"0,0,0,0,1,0",1,frog_eye_leaf_spot
f64e9a7f7d08d080.jpg,scab,"0,0,0,0,0,1",3,_none_
f68683579b3ae818.jpg,complex frog_eye_leaf_spot scab,"1,1,0,0,0,1",2,frog_eye_leaf_spot scab
f69942d8212d31ef.jpg,complex,"1,0,0,0,0,0",3,complex rust
f6a08b8adeb8b449.jpg,rust,"0,0,0,0,1,0",5,complex rust
f6aad316c8298575.jpg,frog_eye_leaf_spot scab,"0,1,0,0,0,1",2,complex
f6eca029879b5e30.jpg,frog_eye_leaf_spot rust,"0,1,0,0,1,0",4,rust
f72b1f25089837c9.jpg,frog_eye_leaf_spot scab,"0,1,0,0,0,1",1,scab
f738c9e1ece310e0.jpg,complex frog_eye_leaf_spot,"1,1,0,0,0,0",5,frog_eye_leaf_spot scab
f74cc28aab3d541a.jpg,frog_eye_leaf_spot scab,"0,1,0,0,0,1",5,complex frog_eye_leaf_spot
f7d0a0f802b3781f.jpg,complex frog_eye_leaf_spot scab,"1,1,0,0,0,1",4,frog_eye_leaf_spot scab
f80781cadb97e944.jpg,complex frog_eye_leaf_spot scab,"1,1,0,0,0,1",3,scab
f80aca92cfecb138.jpg,complex,"1,0,0,0,0,0",3,complex frog_eye_leaf_spot
f84783628faa04fd.jpg,complex,"1,0,0,0,0,0",4,complex frog_eye_leaf_spot scab
f853b40fbfe90089.jpg,frog_eye_leaf_spot scab,"0,1,0,0,0,1",5,complex frog_eye_leaf_spot scab
f869cb5a3c941c4e.jpg,complex,"1,0,0,0,0,0",2,_none_
f86c97703b376098.jpg,complex,"1,0,0,0,0,0",3,_none_
f88be99663758984.jpg,powdery_mildew,"0,0,0,1,0,0",5,complex
f88dc1f31f42076c.jpg,frog_eye_leaf_spot scab,"0,1,0,0,0,1",4,complex
f8a68bf49d009dcc.jpg,powdery_mildew,"0,0,0,1,0,0",4,frog_eye_leaf_spot powdery_mildew
f8b02792874b176d.jpg,complex rust,"1,0,0,0,1,0",1,complex frog_eye_leaf_spot
f8b0f1a11a46347f.jpg,frog_eye_leaf_spot scab,"0,1,0,0,0,1",4,frog_eye_leaf_spot
f8b371039bcc26e4.jpg,frog_eye_leaf_spot scab,"0,1,0,0,0,1",5,complex frog_eye_leaf_spot scab
f8b6c08387c707ce.jpg,complex,"1,0,0,0,0,0",5,frog_eye_leaf_spot
f8c08b3db9f801ba.jpg,complex,"1,0,0,0,0,0",4,scab
f8c11b2150bf6db1.jpg,frog_eye_leaf_spot scab,"0,1,0,0,0,1",2,complex
f8e1c1b7b324b590.jpg,frog_eye_leaf_spot,"0,1,0,0,0,0",2,complex frog_eye_leaf_spot
f8e582df1a9064a7.jpg,complex,"1,0,0,0,0,0",4,complex rust
f8e67b39cd0cdc00.jpg,complex,"1,0,0,0,0,0",2,complex frog_eye_leaf_spot scab
f8f8e9e49b850c43.jpg,complex,"1,0,0,0,0,0",3,rust
f917f8c4007f2c78.jpg,complex,"1,0,0,0,0,0",2,complex rust
f91f819249f5036d.jpg,frog_eye_leaf_spot,"0,1,0,0,0,0",2,_none_
f92d44f8ee98e224.jpg,complex,"1,0,0,0,0,0",5,_none_
f9530fa2ec34a60d.jpg,rust,"0,0,0,0,1,0",5,complex rust
f99584c9944f5a95.jpg,complex frog_eye_leaf_spot,"1,1,0,0,0,0",2,complex
f9b56d4558889dc8.jpg,complex,"1,0,0,0,0,0",3,complex rust
f9c08ed8e03d90af.jpg,complex,"1,0,0,0,0,0",3,complex frog_eye_leaf_spot
f9e88fec002472eb.jpg,complex frog_eye_leaf_spot,"1,1,0,0,0,0",5,complex
fa0297d21fc123cb.jpg,frog_eye_leaf_spot scab,"0,1,0,0,0,1",5,frog_eye_leaf_spot
fa9f95c2daca0905.jpg,complex,"1,0,0,0,0,0",2,complex frog_eye_leaf_spot
faa285e1ed450d0f.jpg,complex powdery_mildew,"1,0,0,1,0,0",3,frog_eye_leaf_spot powdery_mildew
faa4708f0fdf0198.jpg,frog_eye_leaf_spot scab,"0,1,0,0,0,1",2,frog_eye_leaf_spot
faa8529ab5e24754.jpg,complex frog_eye_leaf_spot scab,"1,1,0,0,0,1",1,complex frog_eye_leaf_spot
facf81eb9403d826.jpg,complex,"1,0,0,0,0,0",4,rust
fad0d2536b65b098.jpg,complex powdery_mildew,"1,0,0,1,0,0",3,powdery_mildew
fae2d4c4c93a3b30.jpg,complex,"1,0,0,0,0,0",1,frog_eye_leaf_spot scab
faf0d51cb22c3326.jpg,powdery_mildew,"0,0,0,1,0,0",2,_none_
fb06c19485507c7f.jpg,frog_eye_leaf_spot scab,"0,1,0,0,0,1",3,complex frog_eye_leaf_spot scab
fb4a41dc271603d7.jpg,frog_eye_leaf_spot scab,"0,1,0,0,0,1",3,complex
fb9fd1486816f2a0.jpg,frog_eye_leaf_spot scab,"0,1,0,0,0,1",4,complex frog_eye_leaf_spot scab
fbbb22e65cc88948.jpg,complex,"1,0,0,0,0,0",3,frog_eye_leaf_spot
fbd0a8052e233f3a.jpg,complex frog_eye_leaf_spot scab,"1,1,0,0,0,1",1,frog_eye_leaf_spot scab
fbf0cdbe488b0311.jpg,complex,"1,0,0,0,0,0",2,_none_
fc0ab11bc01fc6ad.jpg,complex frog_eye_leaf_spot scab,"1,1,0,0,0,1",5,complex
fc0fc06d0321bf2b.jpg,complex,"1,0,0,0,0,0",5,frog_eye_leaf_spot scab
fc2b849acc9a6da1.jpg,complex frog_eye_leaf_spot,"1,1,0,0,0,0",2,complex frog_eye_leaf_spot scab
fc35e5b8acf802e0.jpg,complex frog_eye_leaf_spot,"1,1,0,0,0,0",3,complex
fc4d3c26cb81dc0b.jpg,complex frog_eye_leaf_spot scab,"1,1,0,0,0,1",5,complex
fc6b801addb05ce1.jpg,frog_eye_leaf_spot scab,"0,1,0,0,0,1",5,complex frog_eye_leaf_spot
fc80c00fdf5e7861.jpg,complex frog_eye_leaf_spot scab,"1,1,0,0,0,1",2,frog_eye_leaf_spot scab
fc900b4d8bbd9551.jpg,scab,"0,0,0,0,0,1",2,_none_
fc9692c95bc8c4aa.jpg,complex frog_eye_leaf_spot,"1,1,0,0,0,0",1,complex frog_eye_leaf_spot scab
fca5aac8eac2f602.jpg,complex,"1,0,0,0,0,0",2,_none_
fcb342b3847a8cf0.jpg,complex frog_eye_leaf_spot scab,"1,1,0,0,0,1",1,frog_eye_leaf_spot
fcb4c95abcb4210b.jpg,scab,"0,0,0,0,0,1",4,complex scab
fcc43fe032fac206.jpg,complex,"1,0,0,0,0,0",2,complex scab
fce0003f189f0d9f.jpg,frog_eye_leaf_spot rust,"0,1,0,0,1,0",1,frog_eye_leaf_spot
fce284faa4d7c094.jpg,complex,"1,0,0,0,0,0",2,rust
fce3c0b7381a32e8.jpg,complex,"1,0,0,0,0,0",5,frog_eye_leaf_spot
fcea6489b7229c43.jpg,scab,"0,0,0,0,0,1",1,healthy
fceec0425f0d3a68.jpg,frog_eye_leaf_spot rust,"0,1,0,0,1,0",2,complex frog_eye_leaf_spot
fd014f427ee2b807.jpg,frog_eye_leaf_spot,"0,1,0,0,0,0",3,complex
fd05f83c89628b63.jpg,frog_eye_leaf_spot scab,"0,1,0,0,0,1",2,frog_eye_leaf_spot
fd12c72b4e597806.jpg,scab,"0,0,0,0,0,1",2,_none_
fd32c1ea1be4a560.jpg,frog_eye_leaf_spot scab,"0,1,0,0,0,1",2,complex frog_eye_leaf_spot scab
fd36d2908bc189cb.jpg,complex,"1,0,0,0,0,0",2,frog_eye_leaf_spot
fd5080b2dd09a2fd.jpg,complex frog_eye_leaf_spot,"1,1,0,0,0,0",2,complex
fd5e4285d4d2a05b.jpg,complex frog_eye_leaf_spot,"1,1,0,0,0,0",4,complex
fd6838fc62b4d620.jpg,frog_eye_leaf_spot,"0,1,0,0,0,0",4,_none_
fd848bc5cac98535.jpg,frog_eye_leaf_spot,"0,1,0,0,0,0",5,complex frog_eye_leaf_spot
fd9e91c4844352bb.jpg,rust,"0,0,0,0,1,0",1,complex rust
fda19ee020b6b652.jpg,frog_eye_leaf_spot,"0,1,0,0,0,0",4,frog_eye_leaf_spot scab
fdb2fe52c8d1a0c0.jpg,frog_eye_leaf_spot scab,"0,1,0,0,0,1",5,frog_eye_leaf_spot
fdbea80e940c8b63.jpg,complex frog_eye_leaf_spot,"1,1,0,0,0,0",3,complex
fdcecda5662283c0.jpg,frog_eye_leaf_spot scab,"0,1,0,0,0,1",4,frog_eye_leaf_spot
fe0d8008d4ffc09f.jpg,scab,"0,0,0,0,0,1",3,_none_
fe18911abaf033c6.jpg,complex powdery_mildew,"1,0,0,1,0,0",1,complex
fe1946598f8a36c4.jpg,healthy,"0,0,1,0,0,0",5,_none_
fe28c2f085817b8f.jpg,complex,"1,0,0,0,0,0",4,complex frog_eye_leaf_spot scab
fe2f89368b14c455.jpg,complex,"1,0,0,0,0,0",5,frog_eye_leaf_spot scab
fe481335a91ec751.jpg,complex,"1,0,0,0,0,0",3,complex frog_eye_leaf_spot
fe6197a908dc299c.jpg,frog_eye_leaf_spot scab,"0,1,0,0,0,1",2,complex frog_eye_leaf_spot scab
fe80f448c0eb8775.jpg,complex,"1,0,0,0,0,0",1,scab
fe92e53ec86cc320.jpg,complex,"1,0,0,0,0,0",1,frog_eye_leaf_spot
fea13d9cc0920eb3.jpg,frog_eye_leaf_spot scab,"0,1,0,0,0,1",4,_none_
feb2051b85e00bee.jpg,rust,"0,0,0,0,1,0",2,_none_
febcf402821ac13f.jpg,frog_eye_leaf_spot rust,"0,1,0,0,1,0",4,rust
fed4966a684d0696.jpg,complex,"1,0,0,0,0,0",2,frog_eye_leaf_spot
fedae01aa112ba78.jpg,complex frog_eye_leaf_spot scab,"1,1,0,0,0,1",5,frog_eye_leaf_spot scab
fee4804a8d345d1f.jpg,complex,"1,0,0,0,0,0",1,_none_
ff0cd19c83ac878a.jpg,complex,"1,0,0,0,0,0",3,_none_
ff2183c0f0dbc607.jpg,scab,"0,0,0,0,0,1",2,healthy
ff32821f4d34b4d0.jpg,complex,"1,0,0,0,0,0",3,complex rust
ff5abca8c03264d8.jpg,powdery_mildew,"0,0,0,1,0,0",5,frog_eye_leaf_spot powdery_mildew
ff65d03a845167c1.jpg,powdery_mildew,"0,0,0,1,0,0",4,healthy powdery_mildew
ff78c07e00052f9b.jpg,complex,"1,0,0,0,0,0",2,rust
ff7ec1bc1ed08120.jpg,complex,"1,0,0,0,0,0",3,frog_eye_leaf_spot scab
ff83c180c8cfe8e4.jpg,complex frog_eye_leaf_spot,"1,1,0,0,0,0",3,complex
ff8bc02bcb3c8b20.jpg,complex,"1,0,0,0,0,0",5,complex scab
ff9d804a4661e4a7.jpg,scab,"0,0,0,0,0,1",4,healthy
ffc065a5f082b3c1.jpg,frog_eye_leaf_spot,"0,1,0,0,0,0",4,frog_eye_leaf_spot scab
ffc1039e3dc47490.jpg,frog_eye_leaf_spot rust,"0,1,0,0,1,0",5,frog_eye_leaf_spot
ffe1e03542661f22.jpg,complex,"1,0,0,0,0,0",5,frog_eye_leaf_spot
fffe105cf6808292.jpg,frog_eye_leaf_spot scab,"0,1,0,0,0,1",3,scab
